origem,destino,peso
Abadia de Goiás,Adelândia,86.19
Abadia de Goiás,Americano do Brasil,80.64
Abadia de Goiás,Anápolis,70.61
Abadia de Goiás,Anicuns,64.33
Abadia de Goiás,Aparecida de Goiânia,21.82
Abadia de Goiás,Araçu,51.36
Abadia de Goiás,Aragoiânia,16.85
Abadia de Goiás,Avelinópolis,46.68
Abadia de Goiás,Bela Vista de Goiás,57.21
Abadia de Goiás,Bonfinópolis,53.4
Abadia de Goiás,Brazabrantes,37.07
Abadia de Goiás,Caldazinha,47.12
Abadia de Goiás,Campestre de Goiás,27.03
Abadia de Goiás,Campo Limpo de Goiás,63.44
Abadia de Goiás,Caturaí,35.21
Abadia de Goiás,Cezarina,42.86
Abadia de Goiás,Cristianópolis,92.55
Abadia de Goiás,Cromínia,59.4
Abadia de Goiás,Damolândia,56.54
Abadia de Goiás,Edealina,77.83
Abadia de Goiás,Edéia,83.08
Abadia de Goiás,Firminópolis,94.05
Abadia de Goiás,Gameleira de Goiás,90.02
Abadia de Goiás,Goianápolis,52.33
Abadia de Goiás,Goiânia,20.42
Abadia de Goiás,Goianira,29.24
Abadia de Goiás,Guapó,12.78
Abadia de Goiás,Hidrolândia,32.3
Abadia de Goiás,Indiara,71.83
Abadia de Goiás,Inhumas,44.5
Abadia de Goiás,Itaberaí,90.69
Abadia de Goiás,Itaguari,94.99
Abadia de Goiás,Itauçu,64.25
Abadia de Goiás,Jandaia,81.59
Abadia de Goiás,Jesúpolis,90.23
Abadia de Goiás,Leopoldo de Bulhões,75.96
Abadia de Goiás,Mairipotaba,60.29
Abadia de Goiás,Nazário,50.86
Abadia de Goiás,Nerópolis,45.6
Abadia de Goiás,Nova Veneza,45.11
Abadia de Goiás,Ouro Verde de Goiás,65.49
Abadia de Goiás,Palmeiras de Goiás,51.66
Abadia de Goiás,Palminópolis,77.18
Abadia de Goiás,Petrolina de Goiás,74.29
Abadia de Goiás,Piracanjuba,75.52
Abadia de Goiás,Pontalina,85.09
Abadia de Goiás,Professor Jamil,58.63
Abadia de Goiás,Santa Bárbara de Goiás,34.07
Abadia de Goiás,Santa Rosa de Goiás,75.09
Abadia de Goiás,Santo Antônio de Goiás,33.72
Abadia de Goiás,São Francisco de Goiás,94.47
Abadia de Goiás,São Miguel do Passa Quatro,89.4
Abadia de Goiás,Senador Canedo,37.64
Abadia de Goiás,Silvânia,89.36
Abadia de Goiás,Taquaral de Goiás,80.31
Abadia de Goiás,Terezópolis de Goiás,55.78
Abadia de Goiás,Trindade,12.96
Abadia de Goiás,Turvânia,75.83
Abadia de Goiás,Varjão,38.04
Abadia de Goiás,Vianópolis,98.54
Abadiânia,Águas Lindas de Goiás,66.32
Abadiânia,Alexânia,24.64
Abadiânia,Anápolis,30.16
Abadiânia,Aparecida de Goiânia,90.14
Abadiânia,Bela Vista de Goiás,89.78
Abadiânia,Bonfinópolis,54.12
Abadiânia,Brazabrantes,77.04
Abadiânia,Caldazinha,65.34
Abadiânia,Campo Limpo de Goiás,42.46
Abadiânia,Caturaí,88.48
Abadiânia,Cidade Ocidental,84.44
Abadiânia,Cocalzinho de Goiás,45.7
Abadiânia,Corumbá de Goiás,32.35
Abadiânia,Damolândia,70.48
Abadiânia,Gameleira de Goiás,32.71
Abadiânia,Goianápolis,48.57
Abadiânia,Goiânia,80.69
Abadiânia,Goianira,83.78
Abadiânia,Inhumas,86.73
Abadiânia,Itauçu,96.66
Abadiânia,Jaraguá,83.4
Abadiânia,Jesúpolis,76.56
Abadiânia,Leopoldo de Bulhões,47.09
Abadiânia,Luziânia,80.92
Abadiânia,Nerópolis,59.82
Abadiânia,Nova Veneza,67.99
Abadiânia,Novo Gama,72.56
Abadiânia,Ouro Verde de Goiás,52.21
Abadiânia,Petrolina de Goiás,68.28
Abadiânia,Pirenópolis,47.03
Abadiânia,Santa Rosa de Goiás,85.27
Abadiânia,Santo Antônio de Goiás,71.79
Abadiânia,Santo Antônio do Descoberto,55.67
Abadiânia,São Francisco de Goiás,66.52
Abadiânia,São Miguel do Passa Quatro,95.87
Abadiânia,Senador Canedo,70.18
Abadiânia,Silvânia,52.52
Abadiânia,Taquaral de Goiás,97.29
Abadiânia,Terezópolis de Goiás,45.56
Abadiânia,Trindade,97.99
Abadiânia,Valparaíso de Goiás,79.34
Abadiânia,Vianópolis,63.73
Abadiânia,Vila Propício,84.72
Acreúna,Aurilândia,80.48
Acreúna,Cachoeira de Goiás,86.4
Acreúna,Castelândia,79.51
Acreúna,Cezarina,79.22
Acreúna,Edealina,75.45
Acreúna,Edéia,47.67
Acreúna,Firminópolis,91.29
Acreúna,Indiara,50.22
Acreúna,Ivolândia,99.06
Acreúna,Jandaia,45.73
Acreúna,Joviânia,91.9
Acreúna,Mairipotaba,94.58
Acreúna,Maurilândia,64.15
Acreúna,Montividiu,84.82
Acreúna,Palmeiras de Goiás,81.39
Acreúna,Palminópolis,70.72
Acreúna,Paraúna,50.61
Acreúna,Pontalina,99.22
Acreúna,Porteirão,51.55
Acreúna,Rio Verde,72.6
Acreúna,Santa Helena de Goiás,51.89
Acreúna,Santo Antônio da Barra,32.93
Acreúna,São João da Paraúna,64.97
Acreúna,São Luís de Montes Belos,97.28
Acreúna,Turvânia,90.72
Acreúna,Turvelândia,51.09
Acreúna,Varjão,88.0
Acreúna,Vicentinópolis,71.07
Adelândia,Americano do Brasil,26.48
Adelândia,Anicuns,22.5
Adelândia,Araçu,52.15
Adelândia,Aragoiânia,94.31
Adelândia,Aurilândia,43.33
Adelândia,Avelinópolis,43.91
Adelândia,Brazabrantes,83.15
Adelândia,Buriti de Goiás,38.35
Adelândia,Cachoeira de Goiás,58.3
Adelândia,Campestre de Goiás,63.47
Adelândia,Caturaí,71.77
Adelândia,Cezarina,74.76
Adelândia,Córrego do Ouro,43.18
Adelândia,Damolândia,87.43
Adelândia,Fazenda Nova,70.16
Adelândia,Firminópolis,23.55
Adelândia,Goianira,79.3
Adelândia,Goiás,53.38
Adelândia,Guapó,81.69
Adelândia,Guaraíta,90.26
Adelândia,Heitoraí,85.21
Adelândia,Indiara,82.96
Adelândia,Inhumas,71.24
Adelândia,Israelândia,80.02
Adelândia,Itaberaí,58.1
Adelândia,Itaguari,81.15
Adelândia,Itaguaru,92.38
Adelândia,Itapirapuã,81.13
Adelândia,Itapuranga,97.54
Adelândia,Itauçu,63.64
Adelândia,Ivolândia,69.94
Adelândia,Jandaia,70.69
Adelândia,Jaupaci,87.79
Adelândia,Jesúpolis,99.07
Adelândia,Jussara,96.46
Adelândia,Moiporá,62.83
Adelândia,Mossâmedes,32.51
Adelândia,Nazário,35.58
Adelândia,Nova Veneza,90.68
Adelândia,Novo Brasil,72.06
Adelândia,Palmeiras de Goiás,50.6
Adelândia,Palminópolis,42.22
Adelândia,Paraúna,66.54
Adelândia,Petrolina de Goiás,95.24
Adelândia,Sanclerlândia,28.64
Adelândia,Santa Bárbara de Goiás,53.16
Adelândia,Santa Rosa de Goiás,80.36
Adelândia,Santo Antônio de Goiás,91.62
Adelândia,São João da Paraúna,51.48
Adelândia,São Luís de Montes Belos,25.14
Adelândia,Taquaral de Goiás,72.15
Adelândia,Trindade,76.5
Adelândia,Turvânia,22.43
Adelândia,Varjão,90.64
Água Fria de Goiás,Alto Paraíso de Goiás,98.67
Água Fria de Goiás,Colinas do Sul,97.03
Água Fria de Goiás,Flores de Goiás,99.26
Água Fria de Goiás,Formosa,78.68
Água Fria de Goiás,Mimoso de Goiás,41.5
Água Fria de Goiás,Niquelândia,92.45
Água Fria de Goiás,Padre Bernardo,57.5
Água Fria de Goiás,Planaltina,55.91
Água Fria de Goiás,São João d'Aliança,41.22
Água Fria de Goiás,Vila Boa,78.73
Água Limpa,Aloândia,85.12
Água Limpa,Anhanguera,63.78
Água Limpa,Buriti Alegre,30.36
Água Limpa,Cachoeira Dourada,88.24
Água Limpa,Caldas Novas,39.71
Água Limpa,Catalão,86.83
Água Limpa,Corumbaíba,22.09
Água Limpa,Cristianópolis,97.86
Água Limpa,Cumari,67.65
Água Limpa,Goiandira,71.4
Água Limpa,Goiatuba,64.44
Água Limpa,Ipameri,74.99
Água Limpa,Itumbiara,60.65
Água Limpa,Joviânia,95.92
Água Limpa,Marzagão,16.35
Água Limpa,Morrinhos,52.89
Água Limpa,Nova Aurora,53.43
Água Limpa,Ouvidor,99.14
Água Limpa,Palmelo,90.74
Água Limpa,Panamá,63.84
Água Limpa,Piracanjuba,90.38
Água Limpa,Pontalina,95.49
Água Limpa,Rio Quente,33.73
Água Limpa,Santa Cruz de Goiás,89.71
Água Limpa,Urutaí,90.18
Águas Lindas de Goiás,Alexânia,43.17
Águas Lindas de Goiás,Anápolis,95.47
Águas Lindas de Goiás,Cidade Ocidental,51.75
Águas Lindas de Goiás,Cocalzinho de Goiás,52.87
Águas Lindas de Goiás,Corumbá de Goiás,59.52
Águas Lindas de Goiás,Gameleira de Goiás,89.36
Águas Lindas de Goiás,Luziânia,65.12
Águas Lindas de Goiás,Mimoso de Goiás,80.02
Águas Lindas de Goiás,Novo Gama,41.86
Águas Lindas de Goiás,Padre Bernardo,66.85
Águas Lindas de Goiás,Pirenópolis,73.08
Águas Lindas de Goiás,Planaltina,79.85
Águas Lindas de Goiás,Santo Antônio do Descoberto,20.12
Águas Lindas de Goiás,Valparaíso de Goiás,46.99
Águas Lindas de Goiás,Vila Propício,72.82
Alexânia,Anápolis,54.79
Alexânia,Bonfinópolis,76.62
Alexânia,Caldazinha,87.49
Alexânia,Campo Limpo de Goiás,66.53
Alexânia,Cidade Ocidental,62.23
Alexânia,Cocalzinho de Goiás,43.24
Alexânia,Corumbá de Goiás,37.0
Alexânia,Damolândia,93.32
Alexânia,Gameleira de Goiás,47.06
Alexânia,Goianápolis,72.65
Alexânia,Jaraguá,95.74
Alexânia,Jesúpolis,93.8
Alexânia,Leopoldo de Bulhões,64.63
Alexânia,Luziânia,62.46
Alexânia,Nerópolis,84.29
Alexânia,Nova Veneza,92.07
Alexânia,Novo Gama,49.85
Alexânia,Ouro Verde de Goiás,74.85
Alexânia,Petrolina de Goiás,88.56
Alexânia,Pirenópolis,54.7
Alexânia,Santo Antônio de Goiás,96.37
Alexânia,Santo Antônio do Descoberto,31.03
Alexânia,São Francisco de Goiás,82.36
Alexânia,Senador Canedo,93.32
Alexânia,Silvânia,65.01
Alexânia,Terezópolis de Goiás,70.19
Alexânia,Valparaíso de Goiás,56.87
Alexânia,Vianópolis,73.07
Alexânia,Vila Propício,80.62
Aloândia,Aragoiânia,91.29
Aloândia,Bom Jesus de Goiás,60.99
Aloândia,Buriti Alegre,64.78
Aloândia,Cachoeira Dourada,84.14
Aloândia,Caldas Novas,90.28
Aloândia,Castelândia,86.78
Aloândia,Cezarina,90.0
Aloândia,Cromínia,50.1
Aloândia,Edealina,39.34
Aloândia,Edéia,64.58
Aloândia,Goiatuba,33.42
Aloândia,Hidrolândia,89.29
Aloândia,Indiara,85.03
Aloândia,Itumbiara,80.5
Aloândia,Joviânia,17.15
Aloândia,Mairipotaba,48.02
Aloândia,Marzagão,92.81
Aloândia,Maurilândia,95.13
Aloândia,Morrinhos,39.3
Aloândia,Panamá,51.58
Aloândia,Piracanjuba,68.08
Aloândia,Pontalina,23.17
Aloândia,Porteirão,73.51
Aloândia,Professor Jamil,58.76
Aloândia,Rio Quente,74.76
Aloândia,Turvelândia,88.43
Aloândia,Varjão,77.59
Aloândia,Vicentinópolis,34.72
Alto Horizonte,Amaralina,30.82
Alto Horizonte,Barro Alto,97.09
Alto Horizonte,Bonópolis,80.93
Alto Horizonte,Campinaçu,94.56
Alto Horizonte,Campinorte,23.89
Alto Horizonte,Campos Verdes,34.34
Alto Horizonte,Crixás,78.45
Alto Horizonte,Estrela do Norte,46.71
Alto Horizonte,Formoso,78.61
Alto Horizonte,Guarinos,70.83
Alto Horizonte,Hidrolina,60.28
Alto Horizonte,Itapaci,86.97
Alto Horizonte,Mara Rosa,26.69
Alto Horizonte,Mutunópolis,52.43
Alto Horizonte,Niquelândia,99.18
Alto Horizonte,Nova Iguaçu de Goiás,11.24
Alto Horizonte,Pilar de Goiás,67.75
Alto Horizonte,Porangatu,86.76
Alto Horizonte,Santa Tereza de Goiás,64.14
Alto Horizonte,Santa Terezinha de Goiás,47.77
Alto Horizonte,São Luiz do Norte,73.73
Alto Horizonte,Uirapuru,63.48
Alto Horizonte,Uruaçu,42.07
Alto Paraíso de Goiás,Cavalcante,37.46
Alto Paraíso de Goiás,Colinas do Sul,61.08
Alto Paraíso de Goiás,Flores de Goiás,61.4
Alto Paraíso de Goiás,Iaciara,94.58
Alto Paraíso de Goiás,Nova Roma,81.35
Alto Paraíso de Goiás,São João d'Aliança,63.87
Alto Paraíso de Goiás,Teresina de Goiás,47.03
Alvorada do Norte,Buritinópolis,8.98
Alvorada do Norte,Damianópolis,34.87
Alvorada do Norte,Flores de Goiás,59.42
Alvorada do Norte,Guarani de Goiás,59.78
Alvorada do Norte,Iaciara,44.81
Alvorada do Norte,Mambaí,40.32
Alvorada do Norte,Nova Roma,92.13
Alvorada do Norte,Posse,45.68
Alvorada do Norte,São Domingos,99.23
Alvorada do Norte,Simolândia,1.83
Alvorada do Norte,Sítio d'Abadia,43.94
Alvorada do Norte,Vila Boa,86.62
Amaralina,Bonópolis,64.27
Amaralina,Campinaçu,79.82
Amaralina,Campinorte,46.11
Amaralina,Campos Verdes,52.44
Amaralina,Estrela do Norte,25.06
Amaralina,Formoso,54.5
Amaralina,Guarinos,99.61
Amaralina,Hidrolina,91.03
Amaralina,Mara Rosa,16.32
Amaralina,Montividiu do Norte,91.91
Amaralina,Mutunópolis,21.62
Amaralina,Nova Iguaçu de Goiás,41.56
Amaralina,Novo Planalto,79.07
Amaralina,Pilar de Goiás,97.93
Amaralina,Porangatu,56.13
Amaralina,Santa Tereza de Goiás,38.34
Amaralina,Santa Terezinha de Goiás,72.01
Amaralina,Trombas,75.66
Amaralina,Uirapuru,78.29
Amaralina,Uruaçu,68.84
Americano do Brasil,Anicuns,23.77
Americano do Brasil,Araçu,34.35
Americano do Brasil,Aragoiânia,92.73
Americano do Brasil,Aurilândia,69.81
Americano do Brasil,Avelinópolis,33.96
Americano do Brasil,Brazabrantes,66.64
Americano do Brasil,Buriti de Goiás,48.41
Americano do Brasil,Cachoeira de Goiás,84.24
Americano do Brasil,Campestre de Goiás,64.59
Americano do Brasil,Campo Limpo de Goiás,95.52
Americano do Brasil,Caturaí,56.48
Americano do Brasil,Cezarina,83.09
Americano do Brasil,Córrego do Ouro,60.71
Americano do Brasil,Damolândia,66.19
Americano do Brasil,Faina,98.18
Americano do Brasil,Fazenda Nova,85.22
Americano do Brasil,Firminópolis,49.89
Americano do Brasil,Goiânia,90.63
Americano do Brasil,Goianira,65.2
Americano do Brasil,Goiás,39.14
Americano do Brasil,Guapó,80.13
Americano do Brasil,Guaraíta,71.24
Americano do Brasil,Heitoraí,61.51
Americano do Brasil,Indiara,98.66
Americano do Brasil,Inhumas,52.97
Americano do Brasil,Israelândia,99.04
Americano do Brasil,Itaberaí,31.88
Americano do Brasil,Itaguari,54.66
Americano do Brasil,Itaguaru,66.4
Americano do Brasil,Itapirapuã,82.31
Americano do Brasil,Itapuranga,76.9
Americano do Brasil,Itauçu,40.1
Americano do Brasil,Ivolândia,94.57
Americano do Brasil,Jandaia,90.26
Americano do Brasil,Jaraguá,88.77
Americano do Brasil,Jesúpolis,73.29
Americano do Brasil,Moiporá,86.93
Americano do Brasil,Mossâmedes,28.4
Americano do Brasil,Nazário,38.19
Americano do Brasil,Nerópolis,82.91
Americano do Brasil,Nova Veneza,72.31
Americano do Brasil,Novo Brasil,81.54
Americano do Brasil,Ouro Verde de Goiás,84.31
Americano do Brasil,Palmeiras de Goiás,61.81
Americano do Brasil,Palminópolis,63.21
Americano do Brasil,Paraúna,91.81
Americano do Brasil,Petrolina de Goiás,71.17
Americano do Brasil,Sanclerlândia,35.67
Americano do Brasil,Santa Bárbara de Goiás,46.99
Americano do Brasil,Santa Rosa de Goiás,55.32
Americano do Brasil,Santo Antônio de Goiás,76.27
Americano do Brasil,São Francisco de Goiás,85.28
Americano do Brasil,São João da Paraúna,77.18
Americano do Brasil,São Luís de Montes Belos,51.24
Americano do Brasil,Taquaral de Goiás,46.17
Americano do Brasil,Terezópolis de Goiás,97.71
Americano do Brasil,Trindade,68.68
Americano do Brasil,Turvânia,43.37
Americano do Brasil,Uruana,89.46
Americano do Brasil,Varjão,96.09
Amorinópolis,Arenópolis,55.8
Amorinópolis,Aurilândia,67.24
Amorinópolis,Buriti de Goiás,85.62
Amorinópolis,Cachoeira de Goiás,47.81
Amorinópolis,Caiapônia,85.14
Amorinópolis,Córrego do Ouro,68.03
Amorinópolis,Diorama,45.89
Amorinópolis,Fazenda Nova,58.52
Amorinópolis,Firminópolis,84.06
Amorinópolis,Iporá,19.69
Amorinópolis,Israelândia,38.72
Amorinópolis,Ivolândia,31.99
Amorinópolis,Jaupaci,50.95
Amorinópolis,Jussara,86.7
Amorinópolis,Moiporá,38.45
Amorinópolis,Montes Claros de Goiás,75.2
Amorinópolis,Montividiu,92.56
Amorinópolis,Novo Brasil,76.57
Amorinópolis,Palestina de Goiás,48.75
Amorinópolis,Paraúna,77.78
Amorinópolis,Piranhas,80.78
Amorinópolis,Sanclerlândia,95.26
Amorinópolis,Santa Fé de Goiás,94.38
Amorinópolis,São João da Paraúna,75.95
Amorinópolis,São Luís de Montes Belos,77.37
Anápolis,Aparecida de Goiânia,63.01
Anápolis,Araçu,77.68
Anápolis,Aragoiânia,83.34
Anápolis,Avelinópolis,87.24
Anápolis,Bela Vista de Goiás,71.3
Anápolis,Bonfinópolis,32.17
Anápolis,Brazabrantes,47.54
Anápolis,Caldazinha,42.96
Anápolis,Campestre de Goiás,92.67
Anápolis,Campo Limpo de Goiás,14.97
Anápolis,Caturaí,59.11
Anápolis,Cocalzinho de Goiás,62.65
Anápolis,Corumbá de Goiás,47.35
Anápolis,Damolândia,44.53
Anápolis,Gameleira de Goiás,37.18
Anápolis,Goianápolis,21.55
Anápolis,Goiânia,51.85
Anápolis,Goianira,53.85
Anápolis,Guapó,83.37
Anápolis,Hidrolândia,76.33
Anápolis,Inhumas,58.49
Anápolis,Itaberaí,97.3
Anápolis,Itaguari,83.44
Anápolis,Itaguaru,96.74
Anápolis,Itauçu,71.59
Anápolis,Jaraguá,75.84
Anápolis,Jesúpolis,61.67
Anápolis,Leopoldo de Bulhões,39.35
Anápolis,Nerópolis,30.01
Anápolis,Nova Veneza,39.09
Anápolis,Ouro Verde de Goiás,28.5
Anápolis,Petrolina de Goiás,48.35
Anápolis,Pirenópolis,53.09
Anápolis,Santa Bárbara de Goiás,83.67
Anápolis,Santa Rosa de Goiás,63.95
Anápolis,Santo Antônio de Goiás,41.69
Anápolis,Santo Antônio do Descoberto,85.82
Anápolis,São Francisco de Goiás,55.52
Anápolis,São Miguel do Passa Quatro,86.9
Anápolis,Senador Canedo,44.79
Anápolis,Silvânia,52.08
Anápolis,Taquaral de Goiás,75.98
Anápolis,Terezópolis de Goiás,15.4
Anápolis,Trindade,67.87
Anápolis,Vianópolis,65.37
Anápolis,Vila Propício,97.47
Anhanguera,Buriti Alegre,89.3
Anhanguera,Caldas Novas,78.28
Anhanguera,Campo Alegre de Goiás,90.65
Anhanguera,Catalão,34.67
Anhanguera,Corumbaíba,42.0
Anhanguera,Cumari,10.64
Anhanguera,Davinópolis,73.0
Anhanguera,Goiandira,26.18
Anhanguera,Ipameri,68.41
Anhanguera,Marzagão,59.18
Anhanguera,Nova Aurora,30.71
Anhanguera,Ouvidor,42.32
Anhanguera,Rio Quente,85.34
Anhanguera,Três Ranchos,46.96
Anhanguera,Urutaí,96.63
Anicuns,Aparecida de Goiânia,85.81
Anicuns,Araçu,32.31
Anicuns,Aragoiânia,73.77
Anicuns,Aurilândia,58.55
Anicuns,Avelinópolis,21.73
Anicuns,Brazabrantes,61.49
Anicuns,Buriti de Goiás,59.19
Anicuns,Cachoeira de Goiás,76.23
Anicuns,Campestre de Goiás,43.67
Anicuns,Campo Limpo de Goiás,94.88
Anicuns,Caturaí,49.97
Anicuns,Cezarina,59.81
Anicuns,Córrego do Ouro,65.65
Anicuns,Damolândia,67.99
Anicuns,Edéia,97.51
Anicuns,Fazenda Nova,92.55
Anicuns,Firminópolis,38.62
Anicuns,Goiânia,78.32
Anicuns,Goianira,57.11
Anicuns,Goiás,62.03
Anicuns,Guapó,61.02
Anicuns,Guaraíta,95.0
Anicuns,Heitoraí,84.11
Anicuns,Hidrolândia,95.93
Anicuns,Indiara,75.05
Anicuns,Inhumas,50.55
Anicuns,Itaberaí,52.05
Anicuns,Itaguari,71.57
Anicuns,Itaguaru,86.07
Anicuns,Itapirapuã,99.54
Anicuns,Itauçu,47.39
Anicuns,Ivolândia,89.79
Anicuns,Jandaia,67.81
Anicuns,Jesúpolis,85.02
Anicuns,Moiporá,83.34
Anicuns,Mossâmedes,46.41
Anicuns,Nazário,15.52
Anicuns,Nerópolis,79.09
Anicuns,Nova Veneza,69.59
Anicuns,Novo Brasil,93.38
Anicuns,Ouro Verde de Goiás,86.35
Anicuns,Palmeiras de Goiás,38.04
Anicuns,Palminópolis,42.45
Anicuns,Paraúna,74.57
Anicuns,Petrolina de Goiás,78.25
Anicuns,Sanclerlândia,47.78
Anicuns,Santa Bárbara de Goiás,30.79
Anicuns,Santa Rosa de Goiás,65.31
Anicuns,Santo Antônio de Goiás,69.56
Anicuns,São Francisco de Goiás,95.88
Anicuns,São João da Paraúna,61.43
Anicuns,São Luís de Montes Belos,44.26
Anicuns,Senador Canedo,96.64
Anicuns,Taquaral de Goiás,59.65
Anicuns,Terezópolis de Goiás,94.39
Anicuns,Trindade,54.16
Anicuns,Turvânia,24.91
Anicuns,Varjão,73.75
Aparecida de Goiânia,Araçu,69.21
Aparecida de Goiânia,Aragoiânia,23.53
Aparecida de Goiânia,Avelinópolis,67.09
Aparecida de Goiânia,Bela Vista de Goiás,35.57
Aparecida de Goiânia,Bonfinópolis,37.82
Aparecida de Goiânia,Brazabrantes,46.02
Aparecida de Goiânia,Caldazinha,28.78
Aparecida de Goiânia,Campestre de Goiás,48.13
Aparecida de Goiânia,Campo Limpo de Goiás,60.49
Aparecida de Goiânia,Caturaí,49.3
Aparecida de Goiânia,Cezarina,58.76
Aparecida de Goiânia,Cristianópolis,71.52
Aparecida de Goiânia,Cromínia,53.98
Aparecida de Goiânia,Damolândia,64.08
Aparecida de Goiânia,Edealina,80.5
Aparecida de Goiânia,Edéia,92.83
Aparecida de Goiânia,Gameleira de Goiás,74.09
Aparecida de Goiânia,Goianápolis,41.89
Aparecida de Goiânia,Goiânia,14.95
Aparecida de Goiânia,Goianira,40.93
Aparecida de Goiânia,Guapó,30.63
Aparecida de Goiânia,Hidrolândia,16.03
Aparecida de Goiânia,Indiara,86.25
Aparecida de Goiânia,Inhumas,57.7
Aparecida de Goiânia,Itauçu,78.81
Aparecida de Goiânia,Jandaia,98.88
Aparecida de Goiânia,Jesúpolis,97.84
Aparecida de Goiânia,Leopoldo de Bulhões,58.14
Aparecida de Goiânia,Mairipotaba,59.06
Aparecida de Goiânia,Nazário,72.64
Aparecida de Goiânia,Nerópolis,46.23
Aparecida de Goiânia,Nova Veneza,50.62
Aparecida de Goiânia,Ouro Verde de Goiás,67.14
Aparecida de Goiânia,Palmeiras de Goiás,72.09
Aparecida de Goiânia,Palminópolis,97.8
Aparecida de Goiânia,Petrolina de Goiás,80.96
Aparecida de Goiânia,Piracanjuba,58.93
Aparecida de Goiânia,Pontalina,81.03
Aparecida de Goiânia,Professor Jamil,47.8
Aparecida de Goiânia,Santa Bárbara de Goiás,55.18
Aparecida de Goiânia,Santa Cruz de Goiás,98.33
Aparecida de Goiânia,Santa Rosa de Goiás,86.0
Aparecida de Goiânia,Santo Antônio de Goiás,38.21
Aparecida de Goiânia,São Francisco de Goiás,99.44
Aparecida de Goiânia,São Miguel do Passa Quatro,67.63
Aparecida de Goiânia,Senador Canedo,20.68
Aparecida de Goiânia,Silvânia,70.28
Aparecida de Goiânia,Taquaral de Goiás,93.47
Aparecida de Goiânia,Terezópolis de Goiás,50.54
Aparecida de Goiânia,Trindade,32.16
Aparecida de Goiânia,Turvânia,97.54
Aparecida de Goiânia,Varjão,48.06
Aparecida de Goiânia,Vianópolis,78.32
Aparecida do Rio Doce,Cachoeira Alta,56.46
Aparecida do Rio Doce,Caçu,29.57
Aparecida do Rio Doce,Itajá,95.65
Aparecida do Rio Doce,Itarumã,56.29
Aparecida do Rio Doce,Jataí,75.84
Aparecida do Rio Doce,Maurilândia,93.06
Aparecida do Rio Doce,Montividiu,94.56
Aparecida do Rio Doce,Paranaiguara,86.62
Aparecida do Rio Doce,Quirinópolis,75.49
Aparecida do Rio Doce,Rio Verde,60.97
Aparecida do Rio Doce,Santa Helena de Goiás,79.43
Aparecida do Rio Doce,Santo Antônio da Barra,98.4
Aparecida do Rio Doce,Serranópolis,85.21
Aporé,Caçu,94.43
Aporé,Chapadão do Céu,90.18
Aporé,Itajá,41.04
Aporé,Itarumã,64.28
Aporé,Lagoa Santa,60.31
Aporé,Serranópolis,72.82
Araçu,Aragoiânia,66.24
Araçu,Aurilândia,90.85
Araçu,Avelinópolis,14.85
Araçu,Bonfinópolis,81.95
Araçu,Brazabrantes,32.37
Araçu,Buriti de Goiás,82.42
Araçu,Caldazinha,82.47
Araçu,Campestre de Goiás,45.18
Araçu,Campo Limpo de Goiás,63.4
Araçu,Caturaí,22.22
Araçu,Cezarina,69.19
Araçu,Córrego do Ouro,93.11
Araçu,Damolândia,35.71
Araçu,Firminópolis,70.91
Araçu,Goianápolis,72.12
Araçu,Goiânia,57.58
Araçu,Goianira,31.1
Araçu,Goiás,67.99
Araçu,Guapó,54.89
Araçu,Guaraíta,90.64
Araçu,Heitoraí,72.57
Araçu,Hidrolândia,82.96
Araçu,Indiara,92.89
Araçu,Inhumas,19.24
Araçu,Itaberaí,39.66
Araçu,Itaguari,49.36
Araçu,Itaguaru,66.87
Araçu,Itapuranga,93.02
Araçu,Itauçu,18.6
Araçu,Jandaia,91.48
Araçu,Jaraguá,76.61
Araçu,Jesúpolis,55.94
Araçu,Mossâmedes,62.51
Araçu,Nazário,32.92
Araçu,Nerópolis,49.12
Araçu,Nova Veneza,38.82
Araçu,Ouro Verde de Goiás,54.12
Araçu,Palmeiras de Goiás,56.18
Araçu,Palminópolis,70.86
Araçu,Petrolina de Goiás,46.71
Araçu,Pirenópolis,95.45
Araçu,Sanclerlândia,69.75
Araçu,Santa Bárbara de Goiás,23.97
Araçu,Santa Rosa de Goiás,36.16
Araçu,Santo Antônio de Goiás,41.93
Araçu,São Francisco de Goiás,65.61
Araçu,São João da Paraúna,92.77
Araçu,São Luís de Montes Belos,76.06
Araçu,Senador Canedo,73.99
Araçu,Taquaral de Goiás,34.8
Araçu,Terezópolis de Goiás,64.23
Araçu,Trindade,38.46
Araçu,Turvânia,56.4
Araçu,Uruana,95.3
Araçu,Varjão,76.99
Aragarças,Arenópolis,90.75
Aragarças,Baliza,46.51
Aragarças,Bom Jardim de Goiás,35.24
Aragarças,Doverlândia,91.96
Aragarças,Montes Claros de Goiás,90.57
Aragarças,Piranhas,73.68
Aragoiânia,Avelinópolis,59.18
Aragoiânia,Bela Vista de Goiás,53.22
Aragoiânia,Bonfinópolis,61.05
Aragoiânia,Brazabrantes,53.84
Aragoiânia,Caldazinha,52.31
Aragoiânia,Campestre de Goiás,30.95
Aragoiânia,Campo Limpo de Goiás,77.98
Aragoiânia,Caturaí,51.83
Aragoiânia,Cezarina,35.61
Aragoiânia,Cristianópolis,85.43
Aragoiânia,Cromínia,42.82
Aragoiânia,Damolândia,73.31
Aragoiânia,Edealina,61.74
Aragoiânia,Edéia,70.21
Aragoiânia,Firminópolis,98.33
Aragoiânia,Gameleira de Goiás,97.55
Aragoiânia,Goianápolis,63.31
Aragoiânia,Goiânia,31.49
Aragoiânia,Goianira,46.09
Aragoiânia,Guapó,12.75
Aragoiânia,Hidrolândia,24.27
Aragoiânia,Indiara,62.72
Aragoiânia,Inhumas,61.15
Aragoiânia,Itauçu,80.39
Aragoiânia,Jandaia,75.8
Aragoiânia,Leopoldo de Bulhões,81.66
Aragoiânia,Mairipotaba,43.46
Aragoiânia,Morrinhos,98.62
Aragoiânia,Nazário,58.87
Aragoiânia,Nerópolis,60.95
Aragoiânia,Nova Veneza,61.55
Aragoiânia,Ouro Verde de Goiás,81.4
Aragoiânia,Palmeiras de Goiás,52.01
Aragoiânia,Palminópolis,77.45
Aragoiânia,Petrolina de Goiás,91.05
Aragoiânia,Piracanjuba,63.3
Aragoiânia,Pontalina,68.25
Aragoiânia,Professor Jamil,43.66
Aragoiânia,Santa Bárbara de Goiás,45.86
Aragoiânia,Santa Rosa de Goiás,91.84
Aragoiânia,Santo Antônio de Goiás,49.72
Aragoiânia,São Miguel do Passa Quatro,85.18
Aragoiânia,Senador Canedo,43.97
Aragoiânia,Silvânia,93.53
Aragoiânia,Taquaral de Goiás,96.7
Aragoiânia,Terezópolis de Goiás,69.32
Aragoiânia,Trindade,28.98
Aragoiânia,Turvânia,80.44
Aragoiânia,Varjão,24.86
Aragoiânia,Vicentinópolis,99.11
Araguapaz,Aruanã,51.43
Araguapaz,Britânia,59.2
Araguapaz,Crixás,93.44
Araguapaz,Faina,49.04
Araguapaz,Guaraíta,86.99
Araguapaz,Itapirapuã,81.16
Araguapaz,Itapuranga,89.92
Araguapaz,Jussara,89.79
Araguapaz,Matrinchã,40.09
Araguapaz,Morro Agudo de Goiás,66.8
Araguapaz,Mozarlândia,38.93
Araguapaz,Nova América,79.44
Araguapaz,Rubiataba,89.09
Araguapaz,Santa Fé de Goiás,90.57
Araguapaz,São Patrício,91.92
Arenópolis,Bom Jardim de Goiás,68.69
Arenópolis,Caiapônia,68.88
Arenópolis,Diorama,36.33
Arenópolis,Doverlândia,89.42
Arenópolis,Fazenda Nova,85.99
Arenópolis,Iporá,47.17
Arenópolis,Israelândia,69.53
Arenópolis,Ivolândia,84.94
Arenópolis,Jaupaci,68.58
Arenópolis,Jussara,93.49
Arenópolis,Moiporá,88.94
Arenópolis,Montes Claros de Goiás,45.29
Arenópolis,Novo Brasil,98.37
Arenópolis,Palestina de Goiás,39.62
Arenópolis,Piranhas,28.88
Arenópolis,Santa Fé de Goiás,83.96
Aruanã,Britânia,37.41
Aruanã,Faina,96.61
Aruanã,Matrinchã,67.54
Aruanã,Mozarlândia,57.38
Aruanã,Santa Fé de Goiás,94.54
Aurilândia,Avelinópolis,78.81
Aurilândia,Buriti de Goiás,55.5
Aurilândia,Cachoeira de Goiás,19.44
Aurilândia,Campestre de Goiás,82.45
Aurilândia,Cezarina,80.25
Aurilândia,Córrego do Ouro,43.84
Aurilândia,Diorama,97.69
Aurilândia,Edéia,93.12
Aurilândia,Fazenda Nova,64.32
Aurilândia,Firminópolis,20.33
Aurilândia,Goiás,89.67
Aurilândia,Indiara,72.23
Aurilândia,Iporá,74.53
Aurilândia,Israelândia,62.25
Aurilândia,Itapirapuã,96.53
Aurilândia,Ivolândia,36.0
Aurilândia,Jandaia,53.39
Aurilândia,Jaupaci,76.06
Aurilândia,Jussara,99.94
Aurilândia,Moiporá,32.86
Aurilândia,Mossâmedes,67.08
Aurilândia,Nazário,62.97
Aurilândia,Novo Brasil,76.52
Aurilândia,Palmeiras de Goiás,59.22
Aurilândia,Palminópolis,34.31
Aurilândia,Paraúna,29.96
Aurilândia,Sanclerlândia,55.8
Aurilândia,Santa Bárbara de Goiás,82.74
Aurilândia,Santo Antônio da Barra,99.64
Aurilândia,São João da Paraúna,16.14
Aurilândia,São Luís de Montes Belos,19.92
Aurilândia,Turvânia,35.6
Aurilândia,Varjão,97.71
Avelinópolis,Bonfinópolis,86.5
Avelinópolis,Brazabrantes,39.87
Avelinópolis,Buriti de Goiás,78.57
Avelinópolis,Cachoeira de Goiás,97.14
Avelinópolis,Caldazinha,85.09
Avelinópolis,Campestre de Goiás,33.5
Avelinópolis,Campo Limpo de Goiás,73.77
Avelinópolis,Caturaí,28.3
Avelinópolis,Cezarina,56.14
Avelinópolis,Córrego do Ouro,86.76
Avelinópolis,Cromínia,99.77
Avelinópolis,Damolândia,48.31
Avelinópolis,Edéia,98.82
Avelinópolis,Firminópolis,59.5
Avelinópolis,Goianápolis,78.46
Avelinópolis,Goiânia,57.98
Avelinópolis,Goianira,35.41
Avelinópolis,Goiás,72.04
Avelinópolis,Guapó,46.81
Avelinópolis,Guaraíta,99.32
Avelinópolis,Heitoraí,83.52
Avelinópolis,Hidrolândia,78.98
Avelinópolis,Indiara,78.52
Avelinópolis,Inhumas,29.92
Avelinópolis,Itaberaí,49.92
Avelinópolis,Itaguari,63.16
Avelinópolis,Itaguaru,80.1
Avelinópolis,Itauçu,33.31
Avelinópolis,Jandaia,76.64
Avelinópolis,Jaraguá,91.41
Avelinópolis,Jesúpolis,70.77
Avelinópolis,Mairipotaba,96.63
Avelinópolis,Mossâmedes,61.82
Avelinópolis,Nazário,18.27
Avelinópolis,Nerópolis,57.5
Avelinópolis,Nova Veneza,48.29
Avelinópolis,Ouro Verde de Goiás,66.22
Avelinópolis,Palmeiras de Goiás,41.46
Avelinópolis,Palminópolis,56.49
Avelinópolis,Paraúna,90.81
Avelinópolis,Petrolina de Goiás,60.99
Avelinópolis,Sanclerlândia,66.36
Avelinópolis,Santa Bárbara de Goiás,13.37
Avelinópolis,Santa Rosa de Goiás,51.0
Avelinópolis,Santo Antônio de Goiás,47.83
Avelinópolis,São Francisco de Goiás,80.3
Avelinópolis,São João da Paraúna,79.31
Avelinópolis,São Luís de Montes Belos,65.81
Avelinópolis,Senador Canedo,75.92
Avelinópolis,Taquaral de Goiás,49.0
Avelinópolis,Terezópolis de Goiás,72.78
Avelinópolis,Trindade,34.93
Avelinópolis,Turvânia,43.51
Avelinópolis,Varjão,65.88
Baliza,Bom Jardim de Goiás,39.15
Baliza,Doverlândia,62.64
Baliza,Piranhas,80.53
Barro Alto,Campinorte,77.06
Barro Alto,Carmo do Rio Verde,96.09
Barro Alto,Ceres,83.3
Barro Alto,Cocalzinho de Goiás,92.92
Barro Alto,Goianésia,44.46
Barro Alto,Guarinos,89.1
Barro Alto,Hidrolina,65.32
Barro Alto,Ipiranga de Goiás,84.76
Barro Alto,Itapaci,69.04
Barro Alto,Jaraguá,98.71
Barro Alto,Mimoso de Goiás,80.85
Barro Alto,Niquelândia,73.59
Barro Alto,Nova Glória,74.14
Barro Alto,Nova Iguaçu de Goiás,91.39
Barro Alto,Padre Bernardo,70.55
Barro Alto,Pilar de Goiás,75.51
Barro Alto,Pirenópolis,98.54
Barro Alto,Rialma,81.97
Barro Alto,Rianápolis,83.85
Barro Alto,Rubiataba,98.66
Barro Alto,Santa Isabel,66.56
Barro Alto,Santa Rita do Novo Destino,29.52
Barro Alto,São Luiz do Norte,46.6
Barro Alto,Uruaçu,55.07
Barro Alto,Vila Propício,54.38
Bela Vista de Goiás,Bonfinópolis,39.16
Bela Vista de Goiás,Brazabrantes,75.95
Bela Vista de Goiás,Caldas Novas,92.87
Bela Vista de Goiás,Caldazinha,29.13
Bela Vista de Goiás,Campestre de Goiás,82.41
Bela Vista de Goiás,Campo Limpo de Goiás,76.18
Bela Vista de Goiás,Caturaí,82.09
Bela Vista de Goiás,Cezarina,87.69
Bela Vista de Goiás,Cristianópolis,36.67
Bela Vista de Goiás,Cromínia,57.72
Bela Vista de Goiás,Damolândia,90.8
Bela Vista de Goiás,Edealina,91.07
Bela Vista de Goiás,Gameleira de Goiás,62.9
Bela Vista de Goiás,Goianápolis,51.67
Bela Vista de Goiás,Goiânia,45.82
Bela Vista de Goiás,Goianira,73.15
Bela Vista de Goiás,Guapó,63.96
Bela Vista de Goiás,Hidrolândia,29.28
Bela Vista de Goiás,Inhumas,89.39
Bela Vista de Goiás,Leopoldo de Bulhões,44.83
Bela Vista de Goiás,Mairipotaba,67.87
Bela Vista de Goiás,Morrinhos,86.53
Bela Vista de Goiás,Nerópolis,69.12
Bela Vista de Goiás,Nova Veneza,77.23
Bela Vista de Goiás,Orizona,70.0
Bela Vista de Goiás,Ouro Verde de Goiás,87.45
Bela Vista de Goiás,Palmelo,68.46
Bela Vista de Goiás,Piracanjuba,37.65
Bela Vista de Goiás,Pires do Rio,80.65
Bela Vista de Goiás,Pontalina,81.09
Bela Vista de Goiás,Professor Jamil,44.04
Bela Vista de Goiás,Rio Quente,91.47
Bela Vista de Goiás,Santa Bárbara de Goiás,90.74
Bela Vista de Goiás,Santa Cruz de Goiás,63.09
Bela Vista de Goiás,Santo Antônio de Goiás,66.32
Bela Vista de Goiás,São Miguel do Passa Quatro,32.31
Bela Vista de Goiás,Senador Canedo,32.62
Bela Vista de Goiás,Silvânia,50.16
Bela Vista de Goiás,Terezópolis de Goiás,65.36
Bela Vista de Goiás,Trindade,67.59
Bela Vista de Goiás,Urutaí,96.86
Bela Vista de Goiás,Varjão,72.81
Bela Vista de Goiás,Vianópolis,52.86
Bom Jardim de Goiás,Caiapônia,91.72
Bom Jardim de Goiás,Diorama,98.11
Bom Jardim de Goiás,Doverlândia,59.08
Bom Jardim de Goiás,Montes Claros de Goiás,85.73
Bom Jardim de Goiás,Palestina de Goiás,90.53
Bom Jardim de Goiás,Piranhas,44.56
Bom Jesus de Goiás,Buriti Alegre,74.44
Bom Jesus de Goiás,Cachoeira Dourada,40.8
Bom Jesus de Goiás,Castelândia,50.86
Bom Jesus de Goiás,Edealina,88.58
Bom Jesus de Goiás,Edéia,99.53
Bom Jesus de Goiás,Goiatuba,45.75
Bom Jesus de Goiás,Gouvelândia,57.74
Bom Jesus de Goiás,Inaciolândia,39.85
Bom Jesus de Goiás,Itumbiara,59.31
Bom Jesus de Goiás,Joviânia,47.9
Bom Jesus de Goiás,Maurilândia,68.92
Bom Jesus de Goiás,Morrinhos,85.98
Bom Jesus de Goiás,Panamá,40.9
Bom Jesus de Goiás,Pontalina,83.17
Bom Jesus de Goiás,Porteirão,63.49
Bom Jesus de Goiás,Quirinópolis,79.65
Bom Jesus de Goiás,Turvelândia,72.13
Bom Jesus de Goiás,Vicentinópolis,54.37
Bonfinópolis,Brazabrantes,49.92
Bonfinópolis,Caldazinha,11.32
Bonfinópolis,Campestre de Goiás,79.76
Bonfinópolis,Campo Limpo de Goiás,38.13
Bonfinópolis,Caturaí,59.87
Bonfinópolis,Cezarina,95.22
Bonfinópolis,Cocalzinho de Goiás,93.98
Bonfinópolis,Corumbá de Goiás,78.68
Bonfinópolis,Cristianópolis,70.24
Bonfinópolis,Cromínia,86.86
Bonfinópolis,Damolândia,58.84
Bonfinópolis,Gameleira de Goiás,36.76
Bonfinópolis,Goianápolis,13.65
Bonfinópolis,Goiânia,33.15
Bonfinópolis,Goianira,51.44
Bonfinópolis,Guapó,65.42
Bonfinópolis,Hidrolândia,47.64
Bonfinópolis,Inhumas,64.09
Bonfinópolis,Itauçu,83.19
Bonfinópolis,Jesúpolis,86.42
Bonfinópolis,Leopoldo de Bulhões,23.31
Bonfinópolis,Mairipotaba,94.22
Bonfinópolis,Nazário,98.13
Bonfinópolis,Nerópolis,36.52
Bonfinópolis,Nova Veneza,46.83
Bonfinópolis,Orizona,84.58
Bonfinópolis,Ouro Verde de Goiás,50.85
Bonfinópolis,Palmelo,97.22
Bonfinópolis,Petrolina de Goiás,70.35
Bonfinópolis,Piracanjuba,76.36
Bonfinópolis,Pirenópolis,85.24
Bonfinópolis,Professor Jamil,76.47
Bonfinópolis,Santa Bárbara de Goiás,78.36
Bonfinópolis,Santa Cruz de Goiás,92.96
Bonfinópolis,Santa Rosa de Goiás,82.21
Bonfinópolis,Santo Antônio de Goiás,40.05
Bonfinópolis,São Francisco de Goiás,83.27
Bonfinópolis,São Miguel do Passa Quatro,58.48
Bonfinópolis,Senador Canedo,17.14
Bonfinópolis,Silvânia,37.94
Bonfinópolis,Taquaral de Goiás,92.99
Bonfinópolis,Terezópolis de Goiás,27.79
Bonfinópolis,Trindade,56.71
Bonfinópolis,Varjão,85.81
Bonfinópolis,Vianópolis,49.41
Bonópolis,Campos Verdes,70.07
Bonópolis,Estrela do Norte,83.94
Bonópolis,Mara Rosa,80.46
Bonópolis,Mundo Novo,53.19
Bonópolis,Mutunópolis,58.92
Bonópolis,Nova Crixás,76.11
Bonópolis,Nova Iguaçu de Goiás,85.87
Bonópolis,Novo Planalto,54.5
Bonópolis,Porangatu,74.56
Bonópolis,Santa Tereza de Goiás,86.49
Bonópolis,Santa Terezinha de Goiás,89.59
Bonópolis,São Miguel do Araguaia,55.28
Bonópolis,Uirapuru,73.3
Brazabrantes,Caldazinha,51.75
Brazabrantes,Campestre de Goiás,49.64
Brazabrantes,Campo Limpo de Goiás,34.86
Brazabrantes,Caturaí,11.59
Brazabrantes,Cezarina,73.32
Brazabrantes,Cocalzinho de Goiás,96.34
Brazabrantes,Corumbá de Goiás,83.07
Brazabrantes,Cromínia,95.65
Brazabrantes,Damolândia,19.47
Brazabrantes,Firminópolis,99.25
Brazabrantes,Gameleira de Goiás,79.27
Brazabrantes,Goianápolis,39.75
Brazabrantes,Goiânia,31.53
Brazabrantes,Goianira,8.58
Brazabrantes,Goiás,97.5
Brazabrantes,Guapó,47.37
Brazabrantes,Heitoraí,91.83
Brazabrantes,Hidrolândia,61.82
Brazabrantes,Inhumas,14.24
Brazabrantes,Itaberaí,63.73
Brazabrantes,Itaguari,61.43
Brazabrantes,Itaguaru,79.28
Brazabrantes,Itauçu,34.66
Brazabrantes,Jaraguá,75.28
Brazabrantes,Jesúpolis,53.36
Brazabrantes,Leopoldo de Bulhões,71.81
Brazabrantes,Mairipotaba,97.3
Brazabrantes,Mossâmedes,94.56
Brazabrantes,Nazário,55.48
Brazabrantes,Nerópolis,17.64
Brazabrantes,Nova Veneza,9.87
Brazabrantes,Ouro Verde de Goiás,31.07
Brazabrantes,Palmeiras de Goiás,70.95
Brazabrantes,Palminópolis,92.35
Brazabrantes,Petrolina de Goiás,37.22
Brazabrantes,Pirenópolis,78.81
Brazabrantes,Professor Jamil,92.6
Brazabrantes,Santa Bárbara de Goiás,36.61
Brazabrantes,Santa Rosa de Goiás,39.99
Brazabrantes,Santo Antônio de Goiás,10.11
Brazabrantes,São Francisco de Goiás,57.47
Brazabrantes,Senador Canedo,44.26
Brazabrantes,Silvânia,86.84
Brazabrantes,Taquaral de Goiás,47.83
Brazabrantes,Terezópolis de Goiás,32.92
Brazabrantes,Trindade,27.33
Brazabrantes,Turvânia,82.6
Brazabrantes,Varjão,73.6
Brazabrantes,Vianópolis,99.05
Britânia,Faina,88.54
Britânia,Itapirapuã,87.23
Britânia,Jussara,76.08
Britânia,Matrinchã,49.29
Britânia,Montes Claros de Goiás,88.59
Britânia,Mozarlândia,84.0
Britânia,Novo Brasil,99.99
Britânia,Santa Fé de Goiás,58.54
Buriti Alegre,Cachoeira Dourada,60.15
Buriti Alegre,Caldas Novas,62.06
Buriti Alegre,Corumbaíba,50.49
Buriti Alegre,Cumari,94.99
Buriti Alegre,Goiatuba,37.2
Buriti Alegre,Itumbiara,35.42
Buriti Alegre,Joviânia,71.75
Buriti Alegre,Marzagão,45.55
Buriti Alegre,Morrinhos,45.5
Buriti Alegre,Nova Aurora,83.44
Buriti Alegre,Panamá,33.54
Buriti Alegre,Piracanjuba,92.97
Buriti Alegre,Pontalina,80.94
Buriti Alegre,Rio Quente,49.39
Buriti Alegre,Vicentinópolis,92.58
Buriti de Goiás,Cachoeira de Goiás,58.56
Buriti de Goiás,Córrego do Ouro,17.92
Buriti de Goiás,Diorama,88.2
Buriti de Goiás,Faina,81.71
Buriti de Goiás,Fazenda Nova,37.16
Buriti de Goiás,Firminópolis,46.32
Buriti de Goiás,Goiás,41.34
Buriti de Goiás,Guaraíta,76.42
Buriti de Goiás,Heitoraí,82.34
Buriti de Goiás,Iporá,78.91
Buriti de Goiás,Israelândia,53.25
Buriti de Goiás,Itaberaí,68.98
Buriti de Goiás,Itaguari,92.63
Buriti de Goiás,Itaguaru,97.1
Buriti de Goiás,Itapirapuã,44.25
Buriti de Goiás,Itapuranga,85.91
Buriti de Goiás,Itauçu,87.53
Buriti de Goiás,Ivolândia,60.62
Buriti de Goiás,Jaupaci,55.6
Buriti de Goiás,Jussara,58.23
Buriti de Goiás,Matrinchã,89.45
Buriti de Goiás,Moiporá,52.21
Buriti de Goiás,Mossâmedes,23.93
Buriti de Goiás,Nazário,73.61
Buriti de Goiás,Novo Brasil,34.24
Buriti de Goiás,Palmeiras de Goiás,88.01
Buriti de Goiás,Palminópolis,73.81
Buriti de Goiás,Paraúna,85.32
Buriti de Goiás,Sanclerlândia,12.73
Buriti de Goiás,Santa Bárbara de Goiás,89.71
Buriti de Goiás,Santa Fé de Goiás,85.39
Buriti de Goiás,São João da Paraúna,70.47
Buriti de Goiás,São Luís de Montes Belos,38.51
Buriti de Goiás,Taquaral de Goiás,89.39
Buriti de Goiás,Turvânia,57.45
Buritinópolis,Damianópolis,26.39
Buritinópolis,Flores de Goiás,68.37
Buritinópolis,Guarani de Goiás,60.11
Buritinópolis,Iaciara,48.39
Buritinópolis,Mambaí,31.35
Buritinópolis,Nova Roma,96.25
Buritinópolis,Posse,43.69
Buritinópolis,Simolândia,8.42
Buritinópolis,Sítio d'Abadia,39.59
Buritinópolis,Vila Boa,93.27
Cabeceiras,Formosa,52.58
Cabeceiras,Planaltina,82.66
Cabeceiras,Vila Boa,85.66
Cachoeira Alta,Caçu,30.09
Cachoeira Alta,Gouvelândia,92.15
Cachoeira Alta,Itajá,72.26
Cachoeira Alta,Itarumã,42.67
Cachoeira Alta,Lagoa Santa,67.09
Cachoeira Alta,Paranaiguara,34.84
Cachoeira Alta,Quirinópolis,62.24
Cachoeira Alta,São Simão,49.15
Cachoeira de Goiás,Cezarina,98.76
Cachoeira de Goiás,Córrego do Ouro,42.57
Cachoeira de Goiás,Diorama,80.63
Cachoeira de Goiás,Fazenda Nova,55.21
Cachoeira de Goiás,Firminópolis,37.67
Cachoeira de Goiás,Goiás,97.51
Cachoeira de Goiás,Indiara,87.86
Cachoeira de Goiás,Iporá,56.12
Cachoeira de Goiás,Israelândia,47.87
Cachoeira de Goiás,Itapirapuã,93.82
Cachoeira de Goiás,Ivolândia,17.12
Cachoeira de Goiás,Jandaia,68.32
Cachoeira de Goiás,Jaupaci,63.08
Cachoeira de Goiás,Jussara,91.77
Cachoeira de Goiás,Moiporá,16.63
Cachoeira de Goiás,Mossâmedes,75.67
Cachoeira de Goiás,Nazário,81.95
Cachoeira de Goiás,Novo Brasil,70.64
Cachoeira de Goiás,Palestina de Goiás,94.62
Cachoeira de Goiás,Palmeiras de Goiás,78.46
Cachoeira de Goiás,Palminópolis,53.17
Cachoeira de Goiás,Paraúna,37.83
Cachoeira de Goiás,Sanclerlândia,62.9
Cachoeira de Goiás,Santo Antônio da Barra,99.53
Cachoeira de Goiás,São João da Paraúna,30.18
Cachoeira de Goiás,São Luís de Montes Belos,33.16
Cachoeira de Goiás,Turvânia,54.53
Cachoeira Dourada,Castelândia,88.31
Cachoeira Dourada,Goiatuba,54.14
Cachoeira Dourada,Gouvelândia,65.48
Cachoeira Dourada,Inaciolândia,54.02
Cachoeira Dourada,Itumbiara,28.8
Cachoeira Dourada,Joviânia,77.53
Cachoeira Dourada,Morrinhos,92.39
Cachoeira Dourada,Panamá,36.53
Cachoeira Dourada,Vicentinópolis,90.7
Caçu,Itajá,71.51
Caçu,Itarumã,32.2
Caçu,Jataí,97.91
Caçu,Lagoa Santa,74.84
Caçu,Paranaiguara,64.02
Caçu,Quirinópolis,72.58
Caçu,Rio Verde,88.23
Caçu,São Simão,78.49
Caçu,Serranópolis,91.53
Caiapônia,Diorama,99.61
Caiapônia,Doverlândia,60.23
Caiapônia,Iporá,93.2
Caiapônia,Montividiu,86.82
Caiapônia,Palestina de Goiás,38.03
Caiapônia,Perolândia,69.16
Caiapônia,Piranhas,58.74
Caldas Novas,Campo Alegre de Goiás,90.61
Caldas Novas,Catalão,85.91
Caldas Novas,Corumbaíba,44.67
Caldas Novas,Cristianópolis,61.22
Caldas Novas,Cromínia,94.77
Caldas Novas,Cumari,76.51
Caldas Novas,Goiandira,71.55
Caldas Novas,Goiatuba,83.85
Caldas Novas,Ipameri,49.47
Caldas Novas,Itumbiara,96.83
Caldas Novas,Marzagão,26.62
Caldas Novas,Morrinhos,50.99
Caldas Novas,Nova Aurora,52.53
Caldas Novas,Orizona,86.36
Caldas Novas,Ouvidor,99.28
Caldas Novas,Palmelo,51.06
Caldas Novas,Panamá,91.1
Caldas Novas,Piracanjuba,64.4
Caldas Novas,Pires do Rio,61.46
Caldas Novas,Pontalina,90.76
Caldas Novas,Professor Jamil,85.66
Caldas Novas,Rio Quente,16.01
Caldas Novas,Santa Cruz de Goiás,50.03
Caldas Novas,São Miguel do Passa Quatro,76.37
Caldas Novas,Urutaí,54.53
Caldazinha,Campestre de Goiás,74.08
Caldazinha,Campo Limpo de Goiás,47.05
Caldazinha,Caturaí,60.28
Caldazinha,Cezarina,87.35
Caldazinha,Corumbá de Goiás,89.84
Caldazinha,Cristianópolis,62.74
Caldazinha,Cromínia,75.7
Caldazinha,Damolândia,63.83
Caldazinha,Gameleira de Goiás,45.51
Caldazinha,Goianápolis,22.57
Caldazinha,Goiânia,28.15
Caldazinha,Goianira,51.38
Caldazinha,Guapó,58.26
Caldazinha,Hidrolândia,36.78
Caldazinha,Inhumas,65.93
Caldazinha,Itauçu,86.18
Caldazinha,Jesúpolis,93.73
Caldazinha,Leopoldo de Bulhões,29.4
Caldazinha,Mairipotaba,83.31
Caldazinha,Nazário,94.92
Caldazinha,Nerópolis,41.5
Caldazinha,Nova Veneza,50.78
Caldazinha,Orizona,83.1
Caldazinha,Ouro Verde de Goiás,58.61
Caldazinha,Palmeiras de Goiás,98.78
Caldazinha,Palmelo,91.68
Caldazinha,Petrolina de Goiás,77.15
Caldazinha,Piracanjuba,65.66
Caldazinha,Pirenópolis,95.85
Caldazinha,Professor Jamil,65.15
Caldazinha,Santa Bárbara de Goiás,75.58
Caldazinha,Santa Cruz de Goiás,87.0
Caldazinha,Santa Rosa de Goiás,87.46
Caldazinha,Santo Antônio de Goiás,41.65
Caldazinha,São Francisco de Goiás,91.68
Caldazinha,São Miguel do Passa Quatro,52.8
Caldazinha,Senador Canedo,9.6
Caldazinha,Silvânia,42.25
Caldazinha,Taquaral de Goiás,97.53
Caldazinha,Terezópolis de Goiás,36.25
Caldazinha,Trindade,52.77
Caldazinha,Varjão,76.7
Caldazinha,Vianópolis,51.79
Campestre de Goiás,Campo Limpo de Goiás,82.72
Campestre de Goiás,Caturaí,41.33
Campestre de Goiás,Cezarina,24.82
Campestre de Goiás,Cromínia,67.4
Campestre de Goiás,Damolândia,66.65
Campestre de Goiás,Edealina,73.63
Campestre de Goiás,Edéia,68.96
Campestre de Goiás,Firminópolis,68.04
Campestre de Goiás,Goianápolis,76.87
Campestre de Goiás,Goiânia,46.64
Campestre de Goiás,Goianira,41.25
Campestre de Goiás,Guapó,18.65
Campestre de Goiás,Hidrolândia,54.6
Campestre de Goiás,Indiara,52.06
Campestre de Goiás,Inhumas,49.22
Campestre de Goiás,Itaberaí,83.33
Campestre de Goiás,Itaguari,94.36
Campestre de Goiás,Itauçu,62.86
Campestre de Goiás,Jandaia,57.48
Campestre de Goiás,Jesúpolis,96.78
Campestre de Goiás,Mairipotaba,63.37
Campestre de Goiás,Mossâmedes,89.99
Campestre de Goiás,Nazário,28.34
Campestre de Goiás,Nerópolis,64.15
Campestre de Goiás,Nova Veneza,59.44
Campestre de Goiás,Ouro Verde de Goiás,80.71
Campestre de Goiás,Palmeiras de Goiás,24.82
Campestre de Goiás,Palminópolis,50.17
Campestre de Goiás,Paraúna,82.74
Campestre de Goiás,Petrolina de Goiás,83.31
Campestre de Goiás,Piracanjuba,93.79
Campestre de Goiás,Pontalina,88.47
Campestre de Goiás,Professor Jamil,72.36
Campestre de Goiás,Sanclerlândia,91.03
Campestre de Goiás,Santa Bárbara de Goiás,21.24
Campestre de Goiás,Santa Rosa de Goiás,78.38
Campestre de Goiás,Santo Antônio de Goiás,51.59
Campestre de Goiás,São João da Paraúna,76.24
Campestre de Goiás,São Luís de Montes Belos,77.01
Campestre de Goiás,Senador Canedo,64.55
Campestre de Goiás,Taquaral de Goiás,79.58
Campestre de Goiás,Terezópolis de Goiás,77.29
Campestre de Goiás,Trindade,24.81
Campestre de Goiás,Turvânia,49.93
Campestre de Goiás,Varjão,32.38
Campinaçu,Campinorte,85.75
Campinaçu,Colinas do Sul,67.09
Campinaçu,Estrela do Norte,54.83
Campinaçu,Formoso,36.51
Campinaçu,Mara Rosa,70.27
Campinaçu,Minaçu,47.36
Campinaçu,Montividiu do Norte,50.32
Campinaçu,Mutunópolis,76.31
Campinaçu,Niquelândia,76.46
Campinaçu,Porangatu,73.65
Campinaçu,Santa Tereza de Goiás,48.64
Campinaçu,Trombas,36.14
Campinorte,Campos Verdes,54.61
Campinorte,Crixás,92.16
Campinorte,Estrela do Norte,50.46
Campinorte,Formoso,79.5
Campinorte,Guarinos,75.05
Campinorte,Hidrolina,56.86
Campinorte,Itapaci,83.02
Campinorte,Mara Rosa,33.36
Campinorte,Mutunópolis,66.22
Campinorte,Niquelândia,76.35
Campinorte,Nova Iguaçu de Goiás,25.61
Campinorte,Pilar de Goiás,67.73
Campinorte,Porangatu,97.25
Campinorte,Santa Rita do Novo Destino,91.4
Campinorte,Santa Tereza de Goiás,68.32
Campinorte,Santa Terezinha de Goiás,61.54
Campinorte,São Luiz do Norte,63.76
Campinorte,Trombas,99.9
Campinorte,Uirapuru,82.93
Campinorte,Uruaçu,23.39
Campo Alegre de Goiás,Catalão,61.46
Campo Alegre de Goiás,Cristalina,98.15
Campo Alegre de Goiás,Cumari,80.28
Campo Alegre de Goiás,Davinópolis,61.69
Campo Alegre de Goiás,Goiandira,64.49
Campo Alegre de Goiás,Ipameri,41.49
Campo Alegre de Goiás,Marzagão,99.33
Campo Alegre de Goiás,Nova Aurora,69.14
Campo Alegre de Goiás,Orizona,86.81
Campo Alegre de Goiás,Ouvidor,66.05
Campo Alegre de Goiás,Palmelo,77.03
Campo Alegre de Goiás,Pires do Rio,64.77
Campo Alegre de Goiás,Santa Cruz de Goiás,82.76
Campo Alegre de Goiás,Três Ranchos,79.79
Campo Alegre de Goiás,Urutaí,48.89
Campo Limpo de Goiás,Caturaí,46.13
Campo Limpo de Goiás,Cocalzinho de Goiás,65.53
Campo Limpo de Goiás,Corumbá de Goiás,50.96
Campo Limpo de Goiás,Damolândia,29.59
Campo Limpo de Goiás,Gameleira de Goiás,51.8
Campo Limpo de Goiás,Goianápolis,24.68
Campo Limpo de Goiás,Goiânia,47.13
Campo Limpo de Goiás,Goianira,42.18
Campo Limpo de Goiás,Guapó,75.87
Campo Limpo de Goiás,Hidrolândia,75.43
Campo Limpo de Goiás,Inhumas,44.39
Campo Limpo de Goiás,Itaberaí,82.47
Campo Limpo de Goiás,Itaguari,69.53
Campo Limpo de Goiás,Itaguaru,83.77
Campo Limpo de Goiás,Itauçu,56.64
Campo Limpo de Goiás,Jaraguá,65.93
Campo Limpo de Goiás,Jesúpolis,49.26
Campo Limpo de Goiás,Leopoldo de Bulhões,51.46
Campo Limpo de Goiás,Nazário,90.18
Campo Limpo de Goiás,Nerópolis,18.58
Campo Limpo de Goiás,Nova Veneza,25.56
Campo Limpo de Goiás,Ouro Verde de Goiás,14.22
Campo Limpo de Goiás,Petrolina de Goiás,34.51
Campo Limpo de Goiás,Pirenópolis,51.58
Campo Limpo de Goiás,Santa Bárbara de Goiás,71.46
Campo Limpo de Goiás,Santa Rosa de Goiás,49.39
Campo Limpo de Goiás,Santo Antônio de Goiás,31.17
Campo Limpo de Goiás,Santo Antônio do Descoberto,97.26
Campo Limpo de Goiás,São Francisco de Goiás,45.17
Campo Limpo de Goiás,São Miguel do Passa Quatro,96.1
Campo Limpo de Goiás,Senador Canedo,45.73
Campo Limpo de Goiás,Silvânia,65.28
Campo Limpo de Goiás,Taquaral de Goiás,61.32
Campo Limpo de Goiás,Terezópolis de Goiás,10.88
Campo Limpo de Goiás,Trindade,58.34
Campo Limpo de Goiás,Vianópolis,78.55
Campo Limpo de Goiás,Vila Propício,96.32
Campos Belos,Divinópolis de Goiás,48.62
Campos Belos,Monte Alegre de Goiás,27.96
Campos Belos,Nova Roma,79.08
Campos Belos,São Domingos,65.22
Campos Belos,Teresina de Goiás,98.81
Campos Verdes,Crixás,47.83
Campos Verdes,Estrela do Norte,75.46
Campos Verdes,Guarinos,54.17
Campos Verdes,Hidrolina,57.33
Campos Verdes,Itapaci,79.48
Campos Verdes,Mara Rosa,57.23
Campos Verdes,Mundo Novo,85.71
Campos Verdes,Mutunópolis,70.22
Campos Verdes,Nova América,90.19
Campos Verdes,Nova Crixás,74.85
Campos Verdes,Nova Iguaçu de Goiás,29.01
Campos Verdes,Pilar de Goiás,58.0
Campos Verdes,Santa Tereza de Goiás,90.68
Campos Verdes,Santa Terezinha de Goiás,21.81
Campos Verdes,São Luiz do Norte,76.94
Campos Verdes,Uirapuru,29.14
Campos Verdes,Uruaçu,63.42
Carmo do Rio Verde,Ceres,12.79
Carmo do Rio Verde,Crixás,94.88
Carmo do Rio Verde,Faina,70.88
Carmo do Rio Verde,Goianésia,63.64
Carmo do Rio Verde,Goiás,79.22
Carmo do Rio Verde,Guaraíta,44.53
Carmo do Rio Verde,Guarinos,69.58
Carmo do Rio Verde,Heitoraí,42.44
Carmo do Rio Verde,Hidrolina,74.69
Carmo do Rio Verde,Ipiranga de Goiás,21.09
Carmo do Rio Verde,Itaberaí,74.76
Carmo do Rio Verde,Itaguari,63.54
Carmo do Rio Verde,Itaguaru,45.33
Carmo do Rio Verde,Itapaci,47.84
Carmo do Rio Verde,Itapuranga,34.5
Carmo do Rio Verde,Itauçu,94.86
Carmo do Rio Verde,Jaraguá,59.67
Carmo do Rio Verde,Jesúpolis,75.07
Carmo do Rio Verde,Morro Agudo de Goiás,37.46
Carmo do Rio Verde,Nova América,42.26
Carmo do Rio Verde,Nova Glória,27.43
Carmo do Rio Verde,Petrolina de Goiás,91.58
Carmo do Rio Verde,Pilar de Goiás,67.51
Carmo do Rio Verde,Pirenópolis,97.39
Carmo do Rio Verde,Rialma,14.3
Carmo do Rio Verde,Rianápolis,23.36
Carmo do Rio Verde,Rubiataba,23.86
Carmo do Rio Verde,Santa Isabel,30.96
Carmo do Rio Verde,Santa Rita do Novo Destino,67.62
Carmo do Rio Verde,Santa Rosa de Goiás,84.21
Carmo do Rio Verde,São Francisco de Goiás,79.52
Carmo do Rio Verde,São Luiz do Norte,68.4
Carmo do Rio Verde,São Patrício,11.81
Carmo do Rio Verde,Taquaral de Goiás,78.32
Carmo do Rio Verde,Uruana,16.23
Carmo do Rio Verde,Vila Propício,89.24
Castelândia,Edealina,93.67
Castelândia,Edéia,88.44
Castelândia,Goiatuba,88.97
Castelândia,Gouvelândia,60.52
Castelândia,Inaciolândia,49.38
Castelândia,Joviânia,69.63
Castelândia,Maurilândia,19.62
Castelândia,Panamá,90.12
Castelândia,Porteirão,31.15
Castelândia,Quirinópolis,47.6
Castelândia,Rio Verde,82.77
Castelândia,Santa Helena de Goiás,52.12
Castelândia,Santo Antônio da Barra,74.88
Castelândia,Turvelândia,28.88
Castelândia,Vicentinópolis,58.12
Catalão,Corumbaíba,65.42
Catalão,Cumari,24.48
Catalão,Davinópolis,40.95
Catalão,Goiandira,15.53
Catalão,Ipameri,54.33
Catalão,Marzagão,76.48
Catalão,Nova Aurora,34.93
Catalão,Ouvidor,13.38
Catalão,Rio Quente,97.85
Catalão,Três Ranchos,27.44
Catalão,Urutaí,82.52
Caturaí,Cezarina,65.87
Caturaí,Corumbá de Goiás,93.0
Caturaí,Cromínia,94.58
Caturaí,Damolândia,25.33
Caturaí,Firminópolis,87.65
Caturaí,Gameleira de Goiás,90.56
Caturaí,Goianápolis,50.66
Caturaí,Goiânia,36.33
Caturaí,Goianira,9.02
Caturaí,Goiás,89.43
Caturaí,Guapó,43.03
Caturaí,Heitoraí,88.2
Caturaí,Hidrolândia,64.23
Caturaí,Indiara,93.3
Caturaí,Inhumas,9.32
Caturaí,Itaberaí,57.76
Caturaí,Itaguari,59.81
Caturaí,Itaguaru,78.01
Caturaí,Itauçu,29.66
Caturaí,Jandaia,96.52
Caturaí,Jaraguá,78.78
Caturaí,Jesúpolis,56.65
Caturaí,Leopoldo de Bulhões,82.35
Caturaí,Mairipotaba,94.83
Caturaí,Mossâmedes,84.72
Caturaí,Nazário,44.06
Caturaí,Nerópolis,29.23
Caturaí,Nova Veneza,20.63
Caturaí,Ouro Verde de Goiás,40.69
Caturaí,Palmeiras de Goiás,60.85
Caturaí,Palminópolis,81.34
Caturaí,Petrolina de Goiás,42.17
Caturaí,Pirenópolis,87.35
Caturaí,Professor Jamil,93.37
Caturaí,Sanclerlândia,91.62
Caturaí,Santa Bárbara de Goiás,25.72
Caturaí,Santa Rosa de Goiás,40.11
Caturaí,Santo Antônio de Goiás,20.04
Caturaí,São Francisco de Goiás,62.86
Caturaí,São Luís de Montes Belos,94.11
Caturaí,Senador Canedo,51.93
Caturaí,Silvânia,97.35
Caturaí,Taquaral de Goiás,45.22
Caturaí,Terezópolis de Goiás,44.5
Caturaí,Trindade,23.02
Caturaí,Turvânia,71.07
Caturaí,Varjão,68.57
Cavalcante,Colinas do Sul,77.63
Cavalcante,Flores de Goiás,84.77
Cavalcante,Iaciara,95.02
Cavalcante,Minaçu,87.73
Cavalcante,Monte Alegre de Goiás,85.75
Cavalcante,Nova Roma,63.32
Cavalcante,São Domingos,79.71
Cavalcante,Teresina de Goiás,20.69
Ceres,Crixás,94.07
Ceres,Faina,83.21
Ceres,Goianésia,51.89
Ceres,Goiás,90.6
Ceres,Guaraíta,56.98
Ceres,Guarinos,65.05
Ceres,Heitoraí,51.95
Ceres,Hidrolina,66.14
Ceres,Ipiranga de Goiás,16.98
Ceres,Itaberaí,82.45
Ceres,Itaguari,68.04
Ceres,Itaguaru,50.23
Ceres,Itapaci,39.7
Ceres,Itapuranga,46.91
Ceres,Itauçu,99.73
Ceres,Jaraguá,57.25
Ceres,Jesúpolis,75.41
Ceres,Morro Agudo de Goiás,48.85
Ceres,Nova América,44.86
Ceres,Nova Glória,18.13
Ceres,Petrolina de Goiás,92.34
Ceres,Pilar de Goiás,60.68
Ceres,Pirenópolis,91.6
Ceres,Rialma,2.2
Ceres,Rianápolis,18.19
Ceres,Rubiataba,27.21
Ceres,Santa Isabel,18.71
Ceres,Santa Rita do Novo Destino,54.87
Ceres,Santa Rosa de Goiás,87.22
Ceres,Santa Terezinha de Goiás,97.83
Ceres,São Francisco de Goiás,77.89
Ceres,São Luiz do Norte,57.46
Ceres,São Patrício,23.88
Ceres,Taquaral de Goiás,82.95
Ceres,Uruana,23.38
Ceres,Vila Propício,78.73
Cezarina,Cromínia,54.86
Cezarina,Damolândia,91.09
Cezarina,Edealina,51.65
Cezarina,Edéia,44.14
Cezarina,Firminópolis,71.29
Cezarina,Goianápolis,95.17
Cezarina,Goiânia,63.01
Cezarina,Goianira,64.76
Cezarina,Guapó,30.15
Cezarina,Hidrolândia,58.43
Cezarina,Indiara,29.06
Cezarina,Inhumas,73.99
Cezarina,Itauçu,87.29
Cezarina,Jandaia,40.19
Cezarina,Joviânia,93.79
Cezarina,Mairipotaba,47.28
Cezarina,Nazário,44.92
Cezarina,Nerópolis,86.3
Cezarina,Nova Veneza,82.92
Cezarina,Palmeiras de Goiás,24.4
Cezarina,Palminópolis,45.99
Cezarina,Paraúna,71.59
Cezarina,Piracanjuba,88.59
Cezarina,Pontalina,70.39
Cezarina,Professor Jamil,64.41
Cezarina,Santa Bárbara de Goiás,45.34
Cezarina,Santo Antônio de Goiás,73.74
Cezarina,São João da Paraúna,69.68
Cezarina,São Luís de Montes Belos,80.93
Cezarina,Senador Canedo,78.51
Cezarina,Terezópolis de Goiás,98.07
Cezarina,Trindade,46.64
Cezarina,Turvânia,55.44
Cezarina,Varjão,17.51
Cezarina,Vicentinópolis,84.61
Chapadão do Céu,Mineiros,93.62
Chapadão do Céu,Serranópolis,63.3
Cidade Ocidental,Cocalzinho de Goiás,96.2
Cidade Ocidental,Corumbá de Goiás,96.25
Cidade Ocidental,Cristalina,83.75
Cidade Ocidental,Formosa,86.71
Cidade Ocidental,Gameleira de Goiás,89.31
Cidade Ocidental,Luziânia,19.8
Cidade Ocidental,Novo Gama,12.6
Cidade Ocidental,Planaltina,77.25
Cidade Ocidental,Santo Antônio do Descoberto,38.6
Cidade Ocidental,Silvânia,97.58
Cidade Ocidental,Valparaíso de Goiás,5.54
Cidade Ocidental,Vianópolis,97.06
Cocalzinho de Goiás,Corumbá de Goiás,15.32
Cocalzinho de Goiás,Damolândia,81.27
Cocalzinho de Goiás,Gameleira de Goiás,78.4
Cocalzinho de Goiás,Goianápolis,84.18
Cocalzinho de Goiás,Goianésia,64.67
Cocalzinho de Goiás,Itaguari,90.14
Cocalzinho de Goiás,Itaguaru,92.18
Cocalzinho de Goiás,Jaraguá,60.05
Cocalzinho de Goiás,Jesúpolis,66.42
Cocalzinho de Goiás,Leopoldo de Bulhões,92.09
Cocalzinho de Goiás,Nerópolis,83.32
Cocalzinho de Goiás,Nova Veneza,86.53
Cocalzinho de Goiás,Novo Gama,83.84
Cocalzinho de Goiás,Ouro Verde de Goiás,65.28
Cocalzinho de Goiás,Padre Bernardo,87.72
Cocalzinho de Goiás,Petrolina de Goiás,68.99
Cocalzinho de Goiás,Pirenópolis,20.73
Cocalzinho de Goiás,Rianápolis,87.76
Cocalzinho de Goiás,Santa Isabel,88.9
Cocalzinho de Goiás,Santa Rita do Novo Destino,81.84
Cocalzinho de Goiás,Santa Rosa de Goiás,83.63
Cocalzinho de Goiás,Santo Antônio de Goiás,95.67
Cocalzinho de Goiás,Santo Antônio do Descoberto,57.74
Cocalzinho de Goiás,São Francisco de Goiás,54.06
Cocalzinho de Goiás,Silvânia,98.2
Cocalzinho de Goiás,Taquaral de Goiás,93.28
Cocalzinho de Goiás,Terezópolis de Goiás,74.56
Cocalzinho de Goiás,Valparaíso de Goiás,90.69
Cocalzinho de Goiás,Vila Propício,39.21
Colinas do Sul,Minaçu,70.95
Colinas do Sul,Niquelândia,54.09
Colinas do Sul,São João d'Aliança,85.54
Colinas do Sul,Teresina de Goiás,96.74
Córrego do Ouro,Diorama,75.43
Córrego do Ouro,Faina,96.04
Córrego do Ouro,Fazenda Nova,27.14
Córrego do Ouro,Firminópolis,41.25
Córrego do Ouro,Goiás,59.25
Córrego do Ouro,Guaraíta,94.07
Córrego do Ouro,Iporá,62.76
Córrego do Ouro,Israelândia,38.33
Córrego do Ouro,Itaberaí,85.02
Córrego do Ouro,Itapirapuã,52.79
Córrego do Ouro,Ivolândia,42.84
Córrego do Ouro,Jandaia,94.52
Córrego do Ouro,Jaupaci,44.61
Córrego do Ouro,Jussara,58.19
Córrego do Ouro,Matrinchã,97.62
Córrego do Ouro,Moiporá,34.46
Córrego do Ouro,Montes Claros de Goiás,95.95
Córrego do Ouro,Mossâmedes,40.5
Córrego do Ouro,Nazário,78.21
Córrego do Ouro,Novo Brasil,33.69
Córrego do Ouro,Palmeiras de Goiás,87.78
Córrego do Ouro,Palminópolis,69.16
Córrego do Ouro,Paraúna,73.58
Córrego do Ouro,Sanclerlândia,27.5
Córrego do Ouro,Santa Bárbara de Goiás,96.33
Córrego do Ouro,Santa Fé de Goiás,83.13
Córrego do Ouro,São João da Paraúna,59.83
Córrego do Ouro,São Luís de Montes Belos,31.77
Córrego do Ouro,Turvânia,56.7
Corumbá de Goiás,Damolândia,69.4
Corumbá de Goiás,Gameleira de Goiás,64.85
Corumbá de Goiás,Goianápolis,68.9
Corumbá de Goiás,Goianésia,75.53
Corumbá de Goiás,Goiânia,97.52
Corumbá de Goiás,Goianira,91.3
Corumbá de Goiás,Inhumas,88.11
Corumbá de Goiás,Itaguari,85.05
Corumbá de Goiás,Itaguaru,90.07
Corumbá de Goiás,Itauçu,90.83
Corumbá de Goiás,Jaraguá,59.08
Corumbá de Goiás,Jesúpolis,60.17
Corumbá de Goiás,Leopoldo de Bulhões,77.57
Corumbá de Goiás,Luziânia,99.05
Corumbá de Goiás,Nerópolis,69.12
Corumbá de Goiás,Nova Veneza,73.2
Corumbá de Goiás,Novo Gama,83.66
Corumbá de Goiás,Ouro Verde de Goiás,52.31
Corumbá de Goiás,Petrolina de Goiás,59.26
Corumbá de Goiás,Pirenópolis,17.71
Corumbá de Goiás,Rianápolis,91.91
Corumbá de Goiás,Santa Isabel,95.99
Corumbá de Goiás,Santa Rita do Novo Destino,93.8
Corumbá de Goiás,Santa Rosa de Goiás,75.19
Corumbá de Goiás,Santo Antônio de Goiás,81.62
Corumbá de Goiás,Santo Antônio do Descoberto,59.25
Corumbá de Goiás,São Francisco de Goiás,47.99
Corumbá de Goiás,Senador Canedo,92.13
Corumbá de Goiás,Silvânia,84.62
Corumbá de Goiás,Taquaral de Goiás,85.86
Corumbá de Goiás,Terezópolis de Goiás,59.59
Corumbá de Goiás,Valparaíso de Goiás,90.72
Corumbá de Goiás,Vianópolis,96.07
Corumbá de Goiás,Vila Propício,52.83
Corumbaíba,Cumari,45.56
Corumbaíba,Goiandira,50.21
Corumbaíba,Goiatuba,86.14
Corumbaíba,Ipameri,63.34
Corumbaíba,Itumbiara,75.12
Corumbaíba,Marzagão,19.5
Corumbaíba,Morrinhos,73.23
Corumbaíba,Nova Aurora,33.74
Corumbaíba,Ouvidor,77.41
Corumbaíba,Palmelo,91.85
Corumbaíba,Panamá,83.82
Corumbaíba,Pires do Rio,98.14
Corumbaíba,Rio Quente,46.51
Corumbaíba,Santa Cruz de Goiás,92.25
Corumbaíba,Três Ranchos,86.36
Corumbaíba,Urutaí,84.37
Cristalina,Luziânia,67.56
Cristalina,Novo Gama,91.08
Cristalina,Orizona,78.48
Cristalina,Pires do Rio,92.24
Cristalina,Urutaí,99.63
Cristalina,Valparaíso de Goiás,87.16
Cristalina,Vianópolis,96.17
Cristianópolis,Cromínia,72.52
Cristianópolis,Gameleira de Goiás,79.56
Cristianópolis,Goianápolis,83.83
Cristianópolis,Goiânia,82.49
Cristianópolis,Guapó,97.43
Cristianópolis,Hidrolândia,61.49
Cristianópolis,Ipameri,82.01
Cristianópolis,Leopoldo de Bulhões,64.6
Cristianópolis,Mairipotaba,84.23
Cristianópolis,Marzagão,87.46
Cristianópolis,Morrinhos,73.2
Cristianópolis,Orizona,47.0
Cristianópolis,Palmelo,32.67
Cristianópolis,Piracanjuba,35.23
Cristianópolis,Pires do Rio,46.73
Cristianópolis,Pontalina,86.93
Cristianópolis,Professor Jamil,57.7
Cristianópolis,Rio Quente,64.39
Cristianópolis,Santa Cruz de Goiás,26.96
Cristianópolis,São Miguel do Passa Quatro,16.23
Cristianópolis,Senador Canedo,68.38
Cristianópolis,Silvânia,60.75
Cristianópolis,Terezópolis de Goiás,97.98
Cristianópolis,Urutaí,60.96
Cristianópolis,Vianópolis,54.71
Crixás,Guarinos,36.09
Crixás,Hidrolina,58.66
Crixás,Ipiranga de Goiás,77.09
Crixás,Itapaci,64.47
Crixás,Morro Agudo de Goiás,86.86
Crixás,Mozarlândia,68.16
Crixás,Mundo Novo,91.63
Crixás,Nova América,53.97
Crixás,Nova Crixás,62.65
Crixás,Nova Glória,79.74
Crixás,Nova Iguaçu de Goiás,69.24
Crixás,Pilar de Goiás,49.07
Crixás,Rialma,95.78
Crixás,Rubiataba,71.35
Crixás,Santa Terezinha de Goiás,30.97
Crixás,São Luiz do Norte,77.99
Crixás,São Patrício,91.48
Crixás,Uirapuru,29.24
Crixás,Uruaçu,89.83
Cromínia,Edealina,33.76
Cromínia,Edéia,58.64
Cromínia,Goianápolis,94.51
Cromínia,Goiânia,68.05
Cromínia,Goianira,88.39
Cromínia,Goiatuba,80.32
Cromínia,Guapó,53.58
Cromínia,Hidrolândia,39.71
Cromínia,Indiara,66.52
Cromínia,Jandaia,85.6
Cromínia,Joviânia,62.53
Cromínia,Mairipotaba,11.72
Cromínia,Morrinhos,57.39
Cromínia,Nazário,95.08
Cromínia,Nerópolis,99.66
Cromínia,Palmeiras de Goiás,79.01
Cromínia,Panamá,99.0
Cromínia,Piracanjuba,38.55
Cromínia,Pontalina,27.05
Cromínia,Professor Jamil,15.04
Cromínia,Rio Quente,84.04
Cromínia,Santa Bárbara de Goiás,86.5
Cromínia,Santa Cruz de Goiás,95.48
Cromínia,Santo Antônio de Goiás,90.02
Cromínia,São Miguel do Passa Quatro,80.44
Cromínia,Senador Canedo,71.4
Cromínia,Trindade,71.8
Cromínia,Varjão,37.85
Cromínia,Vicentinópolis,66.83
Cumari,Davinópolis,64.05
Cumari,Goiandira,15.86
Cumari,Ipameri,60.37
Cumari,Marzagão,60.54
Cumari,Nova Aurora,25.28
Cumari,Ouvidor,33.58
Cumari,Rio Quente,85.39
Cumari,Três Ranchos,40.83
Cumari,Urutaí,89.04
Damianópolis,Flores de Goiás,93.86
Damianópolis,Guarani de Goiás,76.38
Damianópolis,Iaciara,70.83
Damianópolis,Mambaí,10.92
Damianópolis,Posse,56.69
Damianópolis,Simolândia,34.7
Damianópolis,Sítio d'Abadia,27.68
Damolândia,Gameleira de Goiás,80.76
Damolândia,Goianápolis,46.04
Damolândia,Goiânia,49.18
Damolândia,Goianira,27.58
Damolândia,Goiás,90.36
Damolândia,Guapó,66.53
Damolândia,Heitoraí,77.47
Damolândia,Hidrolândia,80.08
Damolândia,Inhumas,18.83
Damolândia,Itaberaí,53.98
Damolândia,Itaguari,45.59
Damolândia,Itaguaru,62.55
Damolândia,Itapuranga,99.38
Damolândia,Itauçu,27.07
Damolândia,Jaraguá,55.85
Damolândia,Jesúpolis,34.05
Damolândia,Leopoldo de Bulhões,77.59
Damolândia,Mossâmedes,91.97
Damolândia,Nazário,66.16
Damolândia,Nerópolis,22.44
Damolândia,Nova Veneza,13.72
Damolândia,Ouro Verde de Goiás,18.48
Damolândia,Palmeiras de Goiás,85.53
Damolândia,Petrolina de Goiás,17.75
Damolândia,Pirenópolis,62.33
Damolândia,Rianápolis,91.32
Damolândia,Santa Bárbara de Goiás,49.99
Damolândia,Santa Rosa de Goiás,23.63
Damolândia,Santo Antônio de Goiás,25.89
Damolândia,São Francisco de Goiás,38.17
Damolândia,Senador Canedo,58.2
Damolândia,Silvânia,92.27
Damolândia,Taquaral de Goiás,34.17
Damolândia,Terezópolis de Goiás,34.02
Damolândia,Trindade,46.29
Damolândia,Turvânia,91.63
Damolândia,Uruana,90.79
Damolândia,Varjão,92.66
Davinópolis,Goiandira,56.1
Davinópolis,Ipameri,79.48
Davinópolis,Nova Aurora,74.49
Davinópolis,Ouvidor,30.68
Davinópolis,Três Ranchos,32.39
Diorama,Fazenda Nova,51.14
Diorama,Iporá,27.22
Diorama,Israelândia,37.99
Diorama,Itapirapuã,82.78
Diorama,Ivolândia,63.97
Diorama,Jaupaci,32.99
Diorama,Jussara,58.14
Diorama,Moiporá,64.91
Diorama,Montes Claros de Goiás,29.54
Diorama,Novo Brasil,62.18
Diorama,Palestina de Goiás,63.56
Diorama,Piranhas,64.42
Diorama,Santa Fé de Goiás,54.31
Diorama,São Luís de Montes Belos,99.37
Divinópolis de Goiás,Guarani de Goiás,73.63
Divinópolis de Goiás,Iaciara,94.16
Divinópolis de Goiás,Monte Alegre de Goiás,53.45
Divinópolis de Goiás,Nova Roma,71.86
Divinópolis de Goiás,Posse,89.08
Divinópolis de Goiás,São Domingos,52.52
Doverlândia,Mineiros,97.39
Doverlândia,Palestina de Goiás,83.94
Doverlândia,Perolândia,93.7
Doverlândia,Piranhas,62.04
Doverlândia,Portelândia,80.52
Edealina,Edéia,29.62
Edealina,Goiânia,92.38
Edealina,Goiatuba,72.49
Edealina,Guapó,67.5
Edealina,Hidrolândia,69.24
Edealina,Indiara,46.62
Edealina,Jandaia,65.99
Edealina,Joviânia,42.31
Edealina,Mairipotaba,23.26
Edealina,Maurilândia,93.9
Edealina,Morrinhos,68.48
Edealina,Nazário,96.55
Edealina,Palmeiras de Goiás,74.2
Edealina,Palminópolis,88.11
Edealina,Panamá,90.05
Edealina,Paraúna,98.78
Edealina,Piracanjuba,70.03
Edealina,Pontalina,25.35
Edealina,Porteirão,68.57
Edealina,Professor Jamil,48.65
Edealina,Santa Bárbara de Goiás,94.85
Edealina,Trindade,87.78
Edealina,Turvelândia,82.57
Edealina,Varjão,42.05
Edealina,Vicentinópolis,37.37
Edéia,Firminópolis,93.71
Edéia,Goiatuba,95.47
Edéia,Guapó,70.64
Edéia,Hidrolândia,85.71
Edéia,Indiara,23.24
Edéia,Jandaia,39.79
Edéia,Joviânia,60.92
Edéia,Mairipotaba,46.92
Edéia,Maurilândia,82.51
Edéia,Morrinhos,97.64
Edéia,Nazário,84.64
Edéia,Palmeiras de Goiás,59.63
Edéia,Palminópolis,65.91
Edéia,Paraúna,70.44
Edéia,Piracanjuba,96.96
Edéia,Pontalina,54.85
Edéia,Porteirão,58.3
Edéia,Professor Jamil,73.48
Edéia,Santa Bárbara de Goiás,89.08
Edéia,Santa Helena de Goiás,88.08
Edéia,Santo Antônio da Barra,78.61
Edéia,São João da Paraúna,77.76
Edéia,Trindade,89.58
Edéia,Turvânia,83.91
Edéia,Turvelândia,69.09
Edéia,Varjão,45.49
Edéia,Vicentinópolis,45.51
Estrela do Norte,Formoso,31.93
Estrela do Norte,Mara Rosa,20.08
Estrela do Norte,Minaçu,99.24
Estrela do Norte,Montividiu do Norte,71.14
Estrela do Norte,Mutunópolis,26.64
Estrela do Norte,Niquelândia,93.79
Estrela do Norte,Nova Iguaçu de Goiás,57.82
Estrela do Norte,Novo Planalto,83.79
Estrela do Norte,Porangatu,48.28
Estrela do Norte,Santa Tereza de Goiás,18.07
Estrela do Norte,Santa Terezinha de Goiás,93.2
Estrela do Norte,Trombas,53.48
Estrela do Norte,Uruaçu,73.46
Faina,Fazenda Nova,93.16
Faina,Goiás,59.04
Faina,Guaraíta,40.36
Faina,Heitoraí,64.82
Faina,Ipiranga de Goiás,80.48
Faina,Itaberaí,87.22
Faina,Itaguari,96.3
Faina,Itaguaru,85.09
Faina,Itapirapuã,49.22
Faina,Itapuranga,46.03
Faina,Jussara,71.31
Faina,Matrinchã,41.12
Faina,Morro Agudo de Goiás,35.89
Faina,Mossâmedes,76.91
Faina,Mozarlândia,81.18
Faina,Nova América,69.0
Faina,Nova Glória,91.01
Faina,Novo Brasil,74.92
Faina,Rialma,85.0
Faina,Rianápolis,91.19
Faina,Rubiataba,67.69
Faina,Sanclerlândia,83.53
Faina,Santa Fé de Goiás,86.98
Faina,São Patrício,59.33
Faina,Uruana,72.68
Fazenda Nova,Firminópolis,66.94
Fazenda Nova,Goiás,73.64
Fazenda Nova,Iporá,46.14
Fazenda Nova,Israelândia,20.16
Fazenda Nova,Itapirapuã,44.2
Fazenda Nova,Ivolândia,46.29
Fazenda Nova,Jaupaci,18.46
Fazenda Nova,Jussara,36.55
Fazenda Nova,Matrinchã,83.38
Fazenda Nova,Moiporá,40.25
Fazenda Nova,Montes Claros de Goiás,69.1
Fazenda Nova,Mossâmedes,60.65
Fazenda Nova,Novo Brasil,18.36
Fazenda Nova,Palminópolis,94.11
Fazenda Nova,Paraúna,91.82
Fazenda Nova,Sanclerlândia,49.75
Fazenda Nova,Santa Fé de Goiás,57.98
Fazenda Nova,São João da Paraúna,80.26
Fazenda Nova,São Luís de Montes Belos,57.29
Fazenda Nova,Turvânia,83.4
Firminópolis,Goianira,93.94
Firminópolis,Goiás,73.77
Firminópolis,Guapó,86.61
Firminópolis,Indiara,70.95
Firminópolis,Inhumas,89.04
Firminópolis,Iporá,88.13
Firminópolis,Israelândia,70.83
Firminópolis,Itaberaí,81.63
Firminópolis,Itapirapuã,90.3
Firminópolis,Itauçu,84.88
Firminópolis,Ivolândia,52.07
Firminópolis,Jandaia,54.96
Firminópolis,Jaupaci,82.13
Firminópolis,Jussara,99.38
Firminópolis,Moiporá,46.52
Firminópolis,Mossâmedes,51.37
Firminópolis,Nazário,45.01
Firminópolis,Novo Brasil,74.71
Firminópolis,Palmeiras de Goiás,47.68
Firminópolis,Palminópolis,28.07
Firminópolis,Paraúna,43.76
Firminópolis,Sanclerlândia,42.35
Firminópolis,Santa Bárbara de Goiás,64.87
Firminópolis,São João da Paraúna,28.41
Firminópolis,São Luís de Montes Belos,9.65
Firminópolis,Taquaral de Goiás,94.86
Firminópolis,Trindade,86.84
Firminópolis,Turvânia,18.22
Firminópolis,Varjão,88.61
Flores de Goiás,Guarani de Goiás,81.89
Flores de Goiás,Iaciara,58.29
Flores de Goiás,Mambaí,99.7
Flores de Goiás,Nova Roma,80.61
Flores de Goiás,Posse,82.64
Flores de Goiás,São Domingos,97.19
Flores de Goiás,São João d'Aliança,59.28
Flores de Goiás,Simolândia,60.01
Flores de Goiás,Sítio d'Abadia,93.78
Flores de Goiás,Teresina de Goiás,77.8
Flores de Goiás,Vila Boa,66.01
Formosa,Novo Gama,94.96
Formosa,Planaltina,30.73
Formosa,São João d'Aliança,94.99
Formosa,Valparaíso de Goiás,89.88
Formosa,Vila Boa,63.57
Formoso,Mara Rosa,51.93
Formoso,Minaçu,72.23
Formoso,Montividiu do Norte,39.43
Formoso,Mutunópolis,43.81
Formoso,Nova Iguaçu de Goiás,89.67
Formoso,Novo Planalto,81.69
Formoso,Porangatu,37.67
Formoso,Santa Tereza de Goiás,16.41
Formoso,Trombas,21.56
Gameleira de Goiás,Goianápolis,40.39
Gameleira de Goiás,Goiânia,69.64
Gameleira de Goiás,Goianira,83.34
Gameleira de Goiás,Hidrolândia,81.52
Gameleira de Goiás,Inhumas,92.2
Gameleira de Goiás,Jesúpolis,98.06
Gameleira de Goiás,Leopoldo de Bulhões,18.12
Gameleira de Goiás,Luziânia,78.56
Gameleira de Goiás,Nerópolis,62.22
Gameleira de Goiás,Nova Veneza,72.76
Gameleira de Goiás,Novo Gama,79.99
Gameleira de Goiás,Orizona,71.37
Gameleira de Goiás,Ouro Verde de Goiás,65.67
Gameleira de Goiás,Palmelo,96.32
Gameleira de Goiás,Petrolina de Goiás,85.48
Gameleira de Goiás,Piracanjuba,99.04
Gameleira de Goiás,Pirenópolis,78.09
Gameleira de Goiás,Pires do Rio,98.9
Gameleira de Goiás,Santa Cruz de Goiás,93.95
Gameleira de Goiás,Santo Antônio de Goiás,70.82
Gameleira de Goiás,Santo Antônio do Descoberto,73.31
Gameleira de Goiás,São Francisco de Goiás,90.49
Gameleira de Goiás,São Miguel do Passa Quatro,63.72
Gameleira de Goiás,Senador Canedo,53.61
Gameleira de Goiás,Silvânia,19.81
Gameleira de Goiás,Terezópolis de Goiás,47.41
Gameleira de Goiás,Trindade,92.18
Gameleira de Goiás,Valparaíso de Goiás,85.4
Gameleira de Goiás,Vianópolis,31.54
Goianápolis,Goiânia,32.32
Goianápolis,Goianira,43.06
Goianápolis,Guapó,65.03
Goianápolis,Hidrolândia,54.8
Goianápolis,Inhumas,53.46
Goianápolis,Itaberaí,99.69
Goianápolis,Itaguari,90.63
Goianápolis,Itauçu,71.37
Goianápolis,Jaraguá,90.48
Goianápolis,Jesúpolis,72.78
Goianápolis,Leopoldo de Bulhões,32.28
Goianápolis,Nazário,91.83
Goianápolis,Nerópolis,24.25
Goianápolis,Nova Veneza,34.96
Goianápolis,Orizona,96.85
Goianápolis,Ouro Verde de Goiás,37.2
Goianápolis,Petrolina de Goiás,56.79
Goianápolis,Piracanjuba,88.09
Goianápolis,Pirenópolis,73.62
Goianápolis,Professor Jamil,85.56
Goianápolis,Santa Bárbara de Goiás,71.96
Goianápolis,Santa Rosa de Goiás,69.13
Goianápolis,Santo Antônio de Goiás,30.68
Goianápolis,São Francisco de Goiás,69.72
Goianápolis,São Miguel do Passa Quatro,72.1
Goianápolis,Senador Canedo,23.24
Goianápolis,Silvânia,47.28
Goianápolis,Taquaral de Goiás,80.18
Goianápolis,Terezópolis de Goiás,14.16
Goianápolis,Trindade,52.44
Goianápolis,Varjão,88.07
Goianápolis,Vianópolis,59.85
Goiandira,Ipameri,46.6
Goiandira,Marzagão,60.96
Goiandira,Nova Aurora,19.61
Goiandira,Ouvidor,28.54
Goiandira,Palmelo,96.88
Goiandira,Pires do Rio,94.8
Goiandira,Rio Quente,82.85
Goiandira,Três Ranchos,40.91
Goiandira,Urutaí,75.48
Goianésia,Guarinos,90.2
Goianésia,Heitoraí,88.58
Goianésia,Hidrolina,75.05
Goianésia,Ipiranga de Goiás,61.45
Goianésia,Itaguari,85.48
Goianésia,Itaguaru,74.43
Goianésia,Itapaci,61.47
Goianésia,Itapuranga,93.45
Goianésia,Jaraguá,54.33
Goianésia,Jesúpolis,75.98
Goianésia,Nova América,89.67
Goianésia,Nova Glória,52.47
Goianésia,Padre Bernardo,90.93
Goianésia,Petrolina de Goiás,90.41
Goianésia,Pilar de Goiás,78.85
Goianésia,Pirenópolis,62.26
Goianésia,Rialma,49.89
Goianésia,Rianápolis,44.91
Goianésia,Rubiataba,75.74
Goianésia,Santa Isabel,33.26
Goianésia,Santa Rita do Novo Destino,19.65
Goianésia,Santa Rosa de Goiás,94.97
Goianésia,São Francisco de Goiás,69.98
Goianésia,São Luiz do Norte,55.09
Goianésia,São Patrício,75.38
Goianésia,Taquaral de Goiás,97.48
Goianésia,Uruaçu,87.66
Goianésia,Uruana,64.55
Goianésia,Vila Propício,29.69
Goiânia,Goianira,27.48
Goiânia,Guapó,32.89
Goiânia,Hidrolândia,30.97
Goiânia,Indiara,91.8
Goiânia,Inhumas,44.05
Goiânia,Itaberaí,93.92
Goiânia,Itaguari,92.95
Goiânia,Itauçu,65.24
Goiânia,Jesúpolis,82.89
Goiânia,Leopoldo de Bulhões,56.06
Goiânia,Mairipotaba,72.06
Goiânia,Nazário,66.82
Goiânia,Nerópolis,31.64
Goiânia,Nova Veneza,35.68
Goiânia,Ouro Verde de Goiás,52.61
Goiânia,Palmeiras de Goiás,71.46
Goiânia,Palminópolis,96.65
Goiânia,Petrolina de Goiás,66.01
Goiânia,Piracanjuba,73.33
Goiânia,Pirenópolis,98.5
Goiânia,Pontalina,95.02
Goiânia,Professor Jamil,62.67
Goiânia,Santa Bárbara de Goiás,47.68
Goiânia,Santa Rosa de Goiás,71.37
Goiânia,Santo Antônio de Goiás,23.29
Goiânia,São Francisco de Goiás,84.6
Goiânia,São Miguel do Passa Quatro,76.27
Goiânia,Senador Canedo,18.58
Goiânia,Silvânia,69.94
Goiânia,Taquaral de Goiás,79.29
Goiânia,Terezópolis de Goiás,37.96
Goiânia,Trindade,24.63
Goiânia,Turvânia,93.32
Goiânia,Varjão,55.97
Goiânia,Vianópolis,79.93
Goianira,Goiás,98.45
Goianira,Guapó,38.97
Goianira,Heitoraí,96.25
Goianira,Hidrolândia,56.24
Goianira,Indiara,93.12
Goianira,Inhumas,16.78
Goianira,Itaberaí,66.45
Goianira,Itaguari,66.95
Goianira,Itaguaru,85.05
Goianira,Itauçu,37.92
Goianira,Jandaia,98.16
Goianira,Jaraguá,83.08
Goianira,Jesúpolis,61.01
Goianira,Leopoldo de Bulhões,74.22
Goianira,Mairipotaba,89.52
Goianira,Mossâmedes,93.52
Goianira,Nazário,49.41
Goianira,Nerópolis,23.98
Goianira,Nova Veneza,18.22
Goianira,Ouro Verde de Goiás,39.53
Goianira,Palmeiras de Goiás,63.16
Goianira,Palminópolis,85.33
Goianira,Petrolina de Goiás,45.29
Goianira,Piracanjuba,99.8
Goianira,Pirenópolis,87.36
Goianira,Professor Jamil,86.18
Goianira,Santa Bárbara de Goiás,29.85
Goianira,Santa Rosa de Goiás,46.25
Goianira,Santo Antônio de Goiás,12.6
Goianira,São Francisco de Goiás,65.73
Goianira,Senador Canedo,42.94
Goianira,Silvânia,89.17
Goianira,Taquaral de Goiás,52.71
Goianira,Terezópolis de Goiás,38.68
Goianira,Trindade,18.81
Goianira,Turvânia,76.79
Goianira,Varjão,65.16
Goiás,Guaraíta,37.72
Goiás,Heitoraí,41.12
Goiás,Inhumas,83.27
Goiás,Ipiranga de Goiás,98.82
Goiás,Israelândia,92.4
Goiás,Itaberaí,37.0
Goiás,Itaguari,57.01
Goiás,Itaguaru,57.45
Goiás,Itapirapuã,51.75
Goiás,Itapuranga,46.21
Goiás,Itauçu,63.99
Goiás,Jaraguá,88.48
Goiás,Jaupaci,90.79
Goiás,Jesúpolis,81.93
Goiás,Jussara,78.09
Goiás,Matrinchã,85.34
Goiás,Moiporá,93.23
Goiás,Morro Agudo de Goiás,68.97
Goiás,Mossâmedes,22.62
Goiás,Nazário,77.1
Goiás,Novo Brasil,62.03
Goiás,Palmeiras de Goiás,99.57
Goiás,Palminópolis,95.57
Goiás,Petrolina de Goiás,87.79
Goiás,Rialma,91.17
Goiás,Rianápolis,86.42
Goiás,Rubiataba,93.01
Goiás,Sanclerlândia,34.63
Goiás,Santa Bárbara de Goiás,85.36
Goiás,Santa Rosa de Goiás,70.92
Goiás,São Francisco de Goiás,94.04
Goiás,São Luís de Montes Belos,69.92
Goiás,São Patrício,73.45
Goiás,Taquaral de Goiás,58.81
Goiás,Turvânia,75.52
Goiás,Uruana,68.48
Goiatuba,Inaciolândia,84.47
Goiatuba,Itumbiara,47.09
Goiatuba,Joviânia,35.49
Goiatuba,Mairipotaba,80.36
Goiatuba,Marzagão,76.66
Goiatuba,Morrinhos,41.3
Goiatuba,Panamá,18.69
Goiatuba,Piracanjuba,87.02
Goiatuba,Pontalina,54.97
Goiatuba,Porteirão,87.36
Goiatuba,Professor Jamil,85.58
Goiatuba,Rio Quente,68.07
Goiatuba,Vicentinópolis,55.81
Gouvelândia,Inaciolândia,18.03
Gouvelândia,Itumbiara,94.24
Gouvelândia,Maurilândia,77.45
Gouvelândia,Panamá,91.18
Gouvelândia,Paranaiguara,68.46
Gouvelândia,Porteirão,90.46
Gouvelândia,Quirinópolis,44.07
Gouvelândia,São Simão,64.22
Gouvelândia,Turvelândia,89.16
Guapó,Hidrolândia,35.95
Guapó,Indiara,59.06
Guapó,Inhumas,52.23
Guapó,Itaberaí,94.51
Guapó,Itauçu,70.17
Guapó,Jandaia,69.36
Guapó,Jesúpolis,99.48
Guapó,Leopoldo de Bulhões,87.5
Guapó,Mairipotaba,52.23
Guapó,Nazário,46.19
Guapó,Nerópolis,57.77
Guapó,Nova Veneza,56.18
Guapó,Ouro Verde de Goiás,77.08
Guapó,Palmeiras de Goiás,41.55
Guapó,Palminópolis,67.26
Guapó,Paraúna,98.1
Guapó,Petrolina de Goiás,84.19
Guapó,Piracanjuba,76.05
Guapó,Pontalina,77.57
Guapó,Professor Jamil,55.99
Guapó,Santa Bárbara de Goiás,33.45
Guapó,Santa Rosa de Goiás,83.02
Guapó,Santo Antônio de Goiás,45.53
Guapó,São João da Paraúna,93.12
Guapó,São Luís de Montes Belos,95.64
Guapó,São Miguel do Passa Quatro,96.22
Guapó,Senador Canedo,49.07
Guapó,Taquaral de Goiás,86.78
Guapó,Terezópolis de Goiás,68.49
Guapó,Trindade,20.29
Guapó,Turvânia,68.55
Guapó,Varjão,26.27
Guaraíta,Heitoraí,24.46
Guaraíta,Ipiranga de Goiás,62.4
Guaraíta,Itaberaí,51.18
Guaraíta,Itaguari,56.31
Guaraíta,Itaguaru,44.84
Guaraíta,Itapaci,89.36
Guaraíta,Itapirapuã,66.56
Guaraíta,Itapuranga,10.08
Guaraíta,Itauçu,79.31
Guaraíta,Jaraguá,75.73
Guaraíta,Jesúpolis,79.21
Guaraíta,Jussara,94.26
Guaraíta,Matrinchã,79.54
Guaraíta,Morro Agudo de Goiás,32.8
Guaraíta,Mossâmedes,60.34
Guaraíta,Nova América,67.26
Guaraíta,Nova Glória,71.09
Guaraíta,Novo Brasil,86.83
Guaraíta,Petrolina de Goiás,91.4
Guaraíta,Rialma,58.06
Guaraíta,Rianápolis,58.21
Guaraíta,Rubiataba,55.44
Guaraíta,Sanclerlândia,71.87
Guaraíta,Santa Isabel,73.35
Guaraíta,Santa Rosa de Goiás,77.34
Guaraíta,São Francisco de Goiás,89.07
Guaraíta,São Patrício,36.72
Guaraíta,Taquaral de Goiás,66.61
Guaraíta,Uruana,38.56
Guarani de Goiás,Iaciara,23.73
Guarani de Goiás,Mambaí,72.12
Guarani de Goiás,Monte Alegre de Goiás,88.09
Guarani de Goiás,Nova Roma,47.47
Guarani de Goiás,Posse,20.33
Guarani de Goiás,São Domingos,45.07
Guarani de Goiás,Simolândia,58.08
Guarani de Goiás,Sítio d'Abadia,98.64
Guarani de Goiás,Teresina de Goiás,86.02
Guarinos,Hidrolina,25.51
Guarinos,Ipiranga de Goiás,49.01
Guarinos,Itapaci,29.55
Guarinos,Itapuranga,96.22
Guarinos,Mara Rosa,97.38
Guarinos,Morro Agudo de Goiás,75.79
Guarinos,Mozarlândia,93.65
Guarinos,Nova América,38.57
Guarinos,Nova Crixás,97.76
Guarinos,Nova Glória,48.2
Guarinos,Nova Iguaçu de Goiás,59.65
Guarinos,Pilar de Goiás,13.6
Guarinos,Rialma,66.33
Guarinos,Rianápolis,82.21
Guarinos,Rubiataba,49.38
Guarinos,Santa Isabel,69.57
Guarinos,Santa Rita do Novo Destino,76.97
Guarinos,Santa Terezinha de Goiás,32.99
Guarinos,São Luiz do Norte,42.6
Guarinos,São Patrício,70.17
Guarinos,Uirapuru,54.9
Guarinos,Uruaçu,64.54
Guarinos,Uruana,85.65
Heitoraí,Inhumas,79.48
Heitoraí,Ipiranga de Goiás,63.45
Heitoraí,Itaberaí,33.61
Heitoraí,Itaguari,32.28
Heitoraí,Itaguaru,20.9
Heitoraí,Itapaci,90.24
Heitoraí,Itapirapuã,84.5
Heitoraí,Itapuranga,21.94
Heitoraí,Itauçu,58.55
Heitoraí,Jaraguá,52.83
Heitoraí,Jesúpolis,54.75
Heitoraí,Morro Agudo de Goiás,50.83
Heitoraí,Mossâmedes,61.15
Heitoraí,Nazário,96.01
Heitoraí,Nerópolis,99.9
Heitoraí,Nova América,78.01
Heitoraí,Nova Glória,69.35
Heitoraí,Nova Veneza,90.57
Heitoraí,Ouro Verde de Goiás,87.48
Heitoraí,Petrolina de Goiás,67.19
Heitoraí,Pirenópolis,94.07
Heitoraí,Rialma,52.1
Heitoraí,Rianápolis,45.45
Heitoraí,Rubiataba,62.01
Heitoraí,Sanclerlândia,74.3
Heitoraí,Santa Bárbara de Goiás,95.82
Heitoraí,Santa Isabel,63.71
Heitoraí,Santa Rita do Novo Destino,99.75
Heitoraí,Santa Rosa de Goiás,53.89
Heitoraí,São Francisco de Goiás,64.79
Heitoraí,São Patrício,41.04
Heitoraí,Taquaral de Goiás,44.05
Heitoraí,Uruana,28.7
Hidrolândia,Indiara,83.1
Hidrolândia,Inhumas,72.96
Hidrolândia,Itauçu,93.88
Hidrolândia,Jandaia,98.16
Hidrolândia,Leopoldo de Bulhões,64.12
Hidrolândia,Mairipotaba,46.58
Hidrolândia,Morrinhos,86.66
Hidrolândia,Nazário,81.66
Hidrolândia,Nerópolis,62.04
Hidrolândia,Nova Veneza,66.65
Hidrolândia,Orizona,99.22
Hidrolândia,Ouro Verde de Goiás,82.86
Hidrolândia,Palmeiras de Goiás,76.27
Hidrolândia,Palmelo,94.16
Hidrolândia,Petrolina de Goiás,96.98
Hidrolândia,Piracanjuba,43.82
Hidrolândia,Pontalina,66.59
Hidrolândia,Professor Jamil,31.98
Hidrolândia,Santa Bárbara de Goiás,66.22
Hidrolândia,Santa Cruz de Goiás,88.41
Hidrolândia,Santo Antônio de Goiás,54.22
Hidrolândia,São Miguel do Passa Quatro,60.96
Hidrolândia,Senador Canedo,31.71
Hidrolândia,Silvânia,73.91
Hidrolândia,Terezópolis de Goiás,65.08
Hidrolândia,Trindade,44.7
Hidrolândia,Varjão,44.05
Hidrolândia,Vianópolis,79.55
Hidrolina,Ipiranga de Goiás,53.99
Hidrolina,Itapaci,26.85
Hidrolina,Mara Rosa,84.87
Hidrolina,Morro Agudo de Goiás,91.53
Hidrolina,Nova América,56.8
Hidrolina,Nova Glória,48.06
Hidrolina,Nova Iguaçu de Goiás,49.53
Hidrolina,Pilar de Goiás,12.95
Hidrolina,Rialma,66.64
Hidrolina,Rianápolis,80.17
Hidrolina,Rubiataba,60.76
Hidrolina,Santa Isabel,63.48
Hidrolina,Santa Rita do Novo Destino,58.54
Hidrolina,Santa Terezinha de Goiás,42.0
Hidrolina,São Luiz do Norte,20.85
Hidrolina,São Patrício,79.14
Hidrolina,Uirapuru,69.56
Hidrolina,Uruaçu,41.47
Hidrolina,Uruana,89.24
Iaciara,Mambaí,70.0
Iaciara,Monte Alegre de Goiás,98.14
Iaciara,Nova Roma,47.89
Iaciara,Posse,28.43
Iaciara,São Domingos,54.64
Iaciara,Simolândia,43.46
Iaciara,Sítio d'Abadia,87.89
Iaciara,Teresina de Goiás,77.02
Inaciolândia,Itumbiara,81.99
Inaciolândia,Joviânia,85.56
Inaciolândia,Maurilândia,68.16
Inaciolândia,Panamá,75.19
Inaciolândia,Paranaiguara,84.64
Inaciolândia,Porteirão,77.08
Inaciolândia,Quirinópolis,49.34
Inaciolândia,Santa Helena de Goiás,98.89
Inaciolândia,São Simão,81.61
Inaciolândia,Turvelândia,78.17
Inaciolândia,Vicentinópolis,86.14
Indiara,Jandaia,19.68
Indiara,Joviânia,83.37
Indiara,Mairipotaba,55.6
Indiara,Maurilândia,99.9
Indiara,Nazário,63.02
Indiara,Palmeiras de Goiás,37.76
Indiara,Palminópolis,42.96
Indiara,Paraúna,53.59
Indiara,Pontalina,71.23
Indiara,Porteirão,77.49
Indiara,Professor Jamil,79.8
Indiara,Santa Bárbara de Goiás,70.26
Indiara,Santa Helena de Goiás,99.01
Indiara,Santo Antônio da Barra,83.15
Indiara,São João da Paraúna,57.78
Indiara,São Luís de Montes Belos,80.05
Indiara,Trindade,75.43
Indiara,Turvânia,60.67
Indiara,Turvelândia,85.93
Indiara,Varjão,39.08
Indiara,Vicentinópolis,68.75
Inhumas,Itaberaí,50.01
Inhumas,Itaguari,50.58
Inhumas,Itaguaru,68.77
Inhumas,Itauçu,21.2
Inhumas,Jaraguá,69.91
Inhumas,Jesúpolis,47.83
Inhumas,Leopoldo de Bulhões,85.69
Inhumas,Mossâmedes,80.6
Inhumas,Nazário,47.46
Inhumas,Nerópolis,29.99
Inhumas,Nova Veneza,19.58
Inhumas,Ouro Verde de Goiás,36.32
Inhumas,Palmeiras de Goiás,66.86
Inhumas,Palminópolis,85.58
Inhumas,Petrolina de Goiás,34.19
Inhumas,Pirenópolis,81.06
Inhumas,Sanclerlândia,88.6
Inhumas,Santa Bárbara de Goiás,31.31
Inhumas,Santa Rosa de Goiás,30.82
Inhumas,Santo Antônio de Goiás,24.33
Inhumas,São Francisco de Goiás,54.77
Inhumas,São Luís de Montes Belos,94.74
Inhumas,Senador Canedo,58.22
Inhumas,Taquaral de Goiás,36.1
Inhumas,Terezópolis de Goiás,45.0
Inhumas,Trindade,32.32
Inhumas,Turvânia,73.43
Inhumas,Uruana,97.87
Inhumas,Varjão,77.55
Ipameri,Marzagão,58.85
Ipameri,Nova Aurora,38.98
Ipameri,Orizona,77.91
Ipameri,Ouvidor,65.82
Ipameri,Palmelo,52.37
Ipameri,Pires do Rio,48.33
Ipameri,Rio Quente,65.33
Ipameri,Santa Cruz de Goiás,56.65
Ipameri,São Miguel do Passa Quatro,91.1
Ipameri,Três Ranchos,81.1
Ipameri,Urutaí,28.88
Ipiranga de Goiás,Itaberaí,95.83
Ipiranga de Goiás,Itaguari,83.56
Ipiranga de Goiás,Itaguaru,65.44
Ipiranga de Goiás,Itapaci,27.24
Ipiranga de Goiás,Itapuranga,52.87
Ipiranga de Goiás,Jaraguá,74.21
Ipiranga de Goiás,Jesúpolis,92.28
Ipiranga de Goiás,Morro Agudo de Goiás,44.6
Ipiranga de Goiás,Nova América,29.32
Ipiranga de Goiás,Nova Glória,10.62
Ipiranga de Goiás,Pilar de Goiás,46.42
Ipiranga de Goiás,Rialma,18.75
Ipiranga de Goiás,Rianápolis,35.13
Ipiranga de Goiás,Rubiataba,14.54
Ipiranga de Goiás,Santa Isabel,29.7
Ipiranga de Goiás,Santa Rita do Novo Destino,59.06
Ipiranga de Goiás,Santa Terezinha de Goiás,81.98
Ipiranga de Goiás,São Francisco de Goiás,94.87
Ipiranga de Goiás,São Luiz do Norte,50.15
Ipiranga de Goiás,São Patrício,25.68
Ipiranga de Goiás,Taquaral de Goiás,98.46
Ipiranga de Goiás,Uruaçu,91.59
Ipiranga de Goiás,Uruana,36.78
Ipiranga de Goiás,Vila Propício,90.23
Iporá,Israelândia,26.33
Iporá,Itapirapuã,87.71
Iporá,Ivolândia,39.02
Iporá,Jaupaci,34.21
Iporá,Jussara,69.23
Iporá,Moiporá,42.02
Iporá,Montes Claros de Goiás,56.75
Iporá,Novo Brasil,62.84
Iporá,Palestina de Goiás,55.18
Iporá,Paraúna,90.87
Iporá,Piranhas,75.26
Iporá,Sanclerlândia,90.11
Iporá,Santa Fé de Goiás,74.89
Iporá,São João da Paraúna,86.15
Iporá,São Luís de Montes Belos,79.99
Israelândia,Itapirapuã,63.55
Israelândia,Ivolândia,34.05
Israelândia,Jaupaci,15.89
Israelândia,Jussara,50.07
Israelândia,Matrinchã,99.42
Israelândia,Moiporá,31.24
Israelândia,Montes Claros de Goiás,62.5
Israelândia,Mossâmedes,77.18
Israelândia,Novo Brasil,37.89
Israelândia,Palestina de Goiás,81.43
Israelândia,Palminópolis,95.42
Israelândia,Paraúna,85.69
Israelândia,Piranhas,98.38
Israelândia,Sanclerlândia,64.98
Israelândia,Santa Fé de Goiás,64.4
Israelândia,São João da Paraúna,76.83
Israelândia,São Luís de Montes Belos,61.63
Israelândia,Turvânia,88.73
Itaberaí,Itaguari,24.13
Itaberaí,Itaguaru,34.57
Itaberaí,Itapirapuã,88.74
Itaberaí,Itapuranga,53.39
Itaberaí,Itauçu,29.07
Itaberaí,Jaraguá,58.57
Itaberaí,Jesúpolis,46.88
Itaberaí,Morro Agudo de Goiás,82.52
Itaberaí,Mossâmedes,45.04
Itaberaí,Nazário,62.81
Itaberaí,Nerópolis,75.52
Itaberaí,Nova Veneza,65.07
Itaberaí,Novo Brasil,96.76
Itaberaí,Ouro Verde de Goiás,68.95
Itaberaí,Palmeiras de Goiás,88.06
Itaberaí,Palminópolis,93.98
Itaberaí,Petrolina de Goiás,50.89
Itaberaí,Pirenópolis,92.57
Itaberaí,Rialma,82.11
Itaberaí,Rianápolis,71.29
Itaberaí,Rubiataba,95.51
Itaberaí,Sanclerlândia,57.54
Itaberaí,Santa Bárbara de Goiás,62.37
Itaberaí,Santa Isabel,90.29
Itaberaí,Santa Rosa de Goiás,33.94
Itaberaí,Santo Antônio de Goiás,73.72
Itaberaí,São Francisco de Goiás,59.26
Itaberaí,São Luís de Montes Belos,82.19
Itaberaí,São Patrício,74.58
Itaberaí,Taquaral de Goiás,21.88
Itaberaí,Terezópolis de Goiás,87.99
Itaberaí,Trindade,77.73
Itaberaí,Turvânia,74.69
Itaberaí,Uruana,59.37
Itaguari,Itaguaru,18.21
Itaguari,Itapuranga,54.02
Itaguari,Itauçu,31.68
Itaguari,Jaraguá,34.47
Itaguari,Jesúpolis,25.16
Itaguari,Morro Agudo de Goiás,82.15
Itaguari,Mossâmedes,68.75
Itaguari,Nazário,79.32
Itaguari,Nerópolis,67.93
Itaguari,Nova Glória,86.03
Itaguari,Nova Veneza,59.01
Itaguari,Ouro Verde de Goiás,55.32
Itaguari,Petrolina de Goiás,35.11
Itaguari,Pirenópolis,69.78
Itaguari,Rialma,67.16
Itaguari,Rianápolis,53.52
Itaguari,Rubiataba,86.72
Itaguari,Sanclerlândia,81.5
Itaguari,Santa Bárbara de Goiás,73.26
Itaguari,Santa Isabel,71.86
Itaguari,Santa Rosa de Goiás,21.99
Itaguari,Santo Antônio de Goiás,70.25
Itaguari,São Francisco de Goiás,37.07
Itaguari,São Patrício,67.07
Itaguari,Taquaral de Goiás,14.92
Itaguari,Terezópolis de Goiás,77.33
Itaguari,Trindade,82.49
Itaguari,Turvânia,95.72
Itaguari,Uruana,47.32
Itaguari,Vila Propício,93.2
Itaguaru,Itapaci,89.89
Itaguaru,Itapuranga,40.02
Itaguaru,Itauçu,49.71
Itaguaru,Jaraguá,32.21
Itaguaru,Jesúpolis,35.18
Itaguaru,Morro Agudo de Goiás,66.31
Itaguaru,Mossâmedes,74.11
Itaguaru,Nazário,95.36
Itaguaru,Nerópolis,84.49
Itaguaru,Nova América,86.44
Itaguaru,Nova Glória,68.32
Itaguaru,Nova Veneza,76.19
Itaguaru,Ouro Verde de Goiás,69.7
Itaguaru,Petrolina de Goiás,49.54
Itaguaru,Pirenópolis,73.19
Itaguaru,Rialma,49.49
Itaguaru,Rianápolis,37.03
Itaguaru,Rubiataba,68.59
Itaguaru,Sanclerlândia,87.39
Itaguaru,Santa Bárbara de Goiás,90.84
Itaguaru,Santa Isabel,55.93
Itaguaru,Santa Rita do Novo Destino,88.44
Itaguaru,Santa Rosa de Goiás,39.38
Itaguaru,Santo Antônio de Goiás,87.81
Itaguaru,São Francisco de Goiás,44.29
Itaguaru,São Patrício,49.25
Itaguaru,Taquaral de Goiás,33.04
Itaguaru,Terezópolis de Goiás,92.51
Itaguaru,Uruana,29.11
Itaguaru,Vila Propício,87.42
Itajá,Itarumã,39.75
Itajá,Lagoa Santa,20.33
Itajá,Paranaiguara,95.69
Itajá,Serranópolis,94.92
Itapaci,Itapuranga,79.99
Itapaci,Jaraguá,92.02
Itapaci,Morro Agudo de Goiás,67.73
Itapaci,Nova América,37.75
Itapaci,Nova Glória,21.58
Itapaci,Nova Iguaçu de Goiás,76.06
Itapaci,Pilar de Goiás,21.48
Itapaci,Rialma,40.42
Itapaci,Rianápolis,55.03
Itapaci,Rubiataba,35.84
Itapaci,Santa Isabel,40.5
Itapaci,Santa Rita do Novo Destino,50.53
Itapaci,Santa Terezinha de Goiás,60.22
Itapaci,São Luiz do Norte,25.99
Itapaci,São Patrício,52.7
Itapaci,Uirapuru,84.29
Itapaci,Uruaçu,65.02
Itapaci,Uruana,62.54
Itapaci,Vila Propício,90.95
Itapirapuã,Itapuranga,76.38
Itapirapuã,Ivolândia,88.79
Itapirapuã,Jaupaci,53.9
Itapirapuã,Jussara,27.99
Itapirapuã,Matrinchã,45.36
Itapirapuã,Moiporá,81.57
Itapirapuã,Montes Claros de Goiás,86.8
Itapirapuã,Morro Agudo de Goiás,81.48
Itapirapuã,Mossâmedes,54.12
Itapirapuã,Novo Brasil,25.85
Itapirapuã,Sanclerlândia,52.54
Itapirapuã,Santa Fé de Goiás,53.23
Itapirapuã,São Luís de Montes Belos,81.91
Itapirapuã,São Patrício,99.61
Itapuranga,Itauçu,80.05
Itapuranga,Jaraguá,69.19
Itapuranga,Jesúpolis,75.15
Itapuranga,Matrinchã,86.51
Itapuranga,Morro Agudo de Goiás,29.24
Itapuranga,Mossâmedes,68.74
Itapuranga,Nova América,60.32
Itapuranga,Nova Glória,61.28
Itapuranga,Novo Brasil,96.91
Itapuranga,Petrolina de Goiás,88.6
Itapuranga,Pilar de Goiás,97.42
Itapuranga,Rialma,47.97
Itapuranga,Rianápolis,48.6
Itapuranga,Rubiataba,46.97
Itapuranga,Sanclerlândia,80.74
Itapuranga,Santa Isabel,63.33
Itapuranga,Santa Rosa de Goiás,75.78
Itapuranga,São Francisco de Goiás,84.12
Itapuranga,São Patrício,27.3
Itapuranga,Taquaral de Goiás,65.96
Itapuranga,Uruana,28.98
Itarumã,Lagoa Santa,46.86
Itarumã,Paranaiguara,74.96
Itarumã,São Simão,88.17
Itarumã,Serranópolis,82.03
Itauçu,Jaraguá,58.12
Itauçu,Jesúpolis,37.97
Itauçu,Mossâmedes,64.96
Itauçu,Nazário,50.99
Itauçu,Nerópolis,47.12
Itauçu,Nova Veneza,36.45
Itauçu,Ouro Verde de Goiás,44.52
Itauçu,Palmeiras de Goiás,74.75
Itauçu,Palminópolis,88.26
Itauçu,Petrolina de Goiás,31.6
Itauçu,Pirenópolis,79.98
Itauçu,Rialma,98.84
Itauçu,Rianápolis,84.88
Itauçu,Sanclerlândia,74.91
Itauçu,Santa Bárbara de Goiás,41.96
Itauçu,Santa Rosa de Goiás,18.09
Itauçu,Santo Antônio de Goiás,44.65
Itauçu,São Francisco de Goiás,48.5
Itauçu,São Luís de Montes Belos,88.64
Itauçu,São Patrício,97.39
Itauçu,Senador Canedo,78.92
Itauçu,Taquaral de Goiás,16.78
Itauçu,Terezópolis de Goiás,60.56
Itauçu,Trindade,51.47
Itauçu,Turvânia,72.27
Itauçu,Uruana,78.65
Itauçu,Varjão,93.9
Itumbiara,Joviânia,79.89
Itumbiara,Marzagão,76.99
Itumbiara,Morrinhos,76.05
Itumbiara,Panamá,29.59
Itumbiara,Rio Quente,84.77
Itumbiara,Vicentinópolis,97.69
Ivolândia,Jandaia,85.01
Ivolândia,Jaupaci,49.91
Ivolândia,Jussara,81.96
Ivolândia,Moiporá,8.42
Ivolândia,Montes Claros de Goiás,92.39
Ivolândia,Mossâmedes,81.27
Ivolândia,Nazário,97.04
Ivolândia,Novo Brasil,63.77
Ivolândia,Palestina de Goiás,80.22
Ivolândia,Palmeiras de Goiás,95.22
Ivolândia,Palminópolis,70.13
Ivolândia,Paraúna,53.16
Ivolândia,Sanclerlândia,67.98
Ivolândia,Santa Fé de Goiás,98.43
Ivolândia,São João da Paraúna,47.16
Ivolândia,São Luís de Montes Belos,45.55
Ivolândia,Turvânia,69.83
Jandaia,Mairipotaba,74.96
Jandaia,Moiporá,84.52
Jandaia,Nazário,59.05
Jandaia,Palmeiras de Goiás,35.9
Jandaia,Palminópolis,28.51
Jandaia,Paraúna,34.16
Jandaia,Pontalina,90.83
Jandaia,Porteirão,85.22
Jandaia,Professor Jamil,98.35
Jandaia,Sanclerlândia,96.3
Jandaia,Santa Bárbara de Goiás,71.44
Jandaia,Santa Helena de Goiás,97.51
Jandaia,Santo Antônio da Barra,76.93
Jandaia,São João da Paraúna,38.39
Jandaia,São Luís de Montes Belos,63.4
Jandaia,Trindade,82.26
Jandaia,Turvânia,48.44
Jandaia,Turvelândia,90.73
Jandaia,Varjão,54.65
Jandaia,Vicentinópolis,84.22
Jaraguá,Jesúpolis,22.15
Jaraguá,Morro Agudo de Goiás,91.1
Jaraguá,Nerópolis,73.45
Jaraguá,Nova Glória,72.3
Jaraguá,Nova Veneza,68.59
Jaraguá,Ouro Verde de Goiás,53.86
Jaraguá,Petrolina de Goiás,38.24
Jaraguá,Pirenópolis,41.67
Jaraguá,Rialma,55.47
Jaraguá,Rianápolis,39.08
Jaraguá,Rubiataba,82.84
Jaraguá,Santa Bárbara de Goiás,98.84
Jaraguá,Santa Isabel,51.76
Jaraguá,Santa Rita do Novo Destino,72.43
Jaraguá,Santa Rosa de Goiás,40.64
Jaraguá,Santo Antônio de Goiás,81.06
Jaraguá,São Francisco de Goiás,20.77
Jaraguá,São Luiz do Norte,99.2
Jaraguá,São Patrício,68.49
Jaraguá,Taquaral de Goiás,44.02
Jaraguá,Terezópolis de Goiás,76.36
Jaraguá,Uruana,47.05
Jaraguá,Vila Propício,58.75
Jataí,Mineiros,94.88
Jataí,Montividiu,75.5
Jataí,Perolândia,53.57
Jataí,Rio Verde,85.35
Jataí,Serranópolis,53.87
Jaupaci,Jussara,35.77
Jaupaci,Matrinchã,85.5
Jaupaci,Moiporá,46.56
Jaupaci,Montes Claros de Goiás,51.43
Jaupaci,Mossâmedes,78.96
Jaupaci,Novo Brasil,30.3
Jaupaci,Palestina de Goiás,87.92
Jaupaci,Piranhas,97.15
Jaupaci,Sanclerlândia,68.21
Jaupaci,Santa Fé de Goiás,48.53
Jaupaci,São João da Paraúna,91.24
Jaupaci,São Luís de Montes Belos,72.58
Jaupaci,Turvânia,99.4
Jesúpolis,Mossâmedes,91.84
Jesúpolis,Nazário,88.79
Jesúpolis,Nerópolis,53.25
Jesúpolis,Nova Glória,91.86
Jesúpolis,Nova Veneza,47.22
Jesúpolis,Ouro Verde de Goiás,35.61
Jesúpolis,Petrolina de Goiás,16.98
Jesúpolis,Pirenópolis,45.74
Jesúpolis,Rialma,73.91
Jesúpolis,Rianápolis,57.81
Jesúpolis,Rubiataba,98.91
Jesúpolis,Santa Bárbara de Goiás,77.31
Jesúpolis,Santa Isabel,72.78
Jesúpolis,Santa Rita do Novo Destino,94.43
Jesúpolis,Santa Rosa de Goiás,19.89
Jesúpolis,Santo Antônio de Goiás,59.67
Jesúpolis,São Francisco de Goiás,12.39
Jesúpolis,São Patrício,81.78
Jesúpolis,Senador Canedo,89.72
Jesúpolis,Taquaral de Goiás,27.15
Jesúpolis,Terezópolis de Goiás,58.72
Jesúpolis,Trindade,79.22
Jesúpolis,Uruana,60.09
Jesúpolis,Vila Propício,76.12
Joviânia,Mairipotaba,57.76
Joviânia,Maurilândia,78.41
Joviânia,Morrinhos,54.94
Joviânia,Panamá,50.34
Joviânia,Piracanjuba,84.7
Joviânia,Pontalina,35.96
Joviânia,Porteirão,57.78
Joviânia,Professor Jamil,73.2
Joviânia,Rio Quente,89.75
Joviânia,Turvelândia,72.47
Joviânia,Varjão,83.95
Joviânia,Vicentinópolis,21.07
Jussara,Matrinchã,49.73
Jussara,Moiporá,76.56
Jussara,Montes Claros de Goiás,58.88
Jussara,Mossâmedes,75.49
Jussara,Novo Brasil,24.79
Jussara,Sanclerlândia,69.76
Jussara,Santa Fé de Goiás,27.65
Jussara,São Luís de Montes Belos,89.96
Lagoa Santa,Paranaiguara,83.91
Lagoa Santa,São Simão,92.0
Leopoldo de Bulhões,Luziânia,93.84
Leopoldo de Bulhões,Nerópolis,56.44
Leopoldo de Bulhões,Nova Veneza,67.19
Leopoldo de Bulhões,Novo Gama,97.32
Leopoldo de Bulhões,Orizona,66.19
Leopoldo de Bulhões,Ouro Verde de Goiás,65.61
Leopoldo de Bulhões,Palmelo,85.51
Leopoldo de Bulhões,Petrolina de Goiás,85.92
Leopoldo de Bulhões,Piracanjuba,81.35
Leopoldo de Bulhões,Pirenópolis,88.48
Leopoldo de Bulhões,Pires do Rio,90.68
Leopoldo de Bulhões,Professor Jamil,88.09
Leopoldo de Bulhões,Santa Cruz de Goiás,82.3
Leopoldo de Bulhões,Santa Rosa de Goiás,99.93
Leopoldo de Bulhões,Santo Antônio de Goiás,62.32
Leopoldo de Bulhões,Santo Antônio do Descoberto,91.43
Leopoldo de Bulhões,São Francisco de Goiás,94.86
Leopoldo de Bulhões,São Miguel do Passa Quatro,49.59
Leopoldo de Bulhões,Senador Canedo,38.44
Leopoldo de Bulhões,Silvânia,15.04
Leopoldo de Bulhões,Terezópolis de Goiás,43.74
Leopoldo de Bulhões,Trindade,79.98
Leopoldo de Bulhões,Vianópolis,27.69
Luziânia,Novo Gama,23.67
Luziânia,Orizona,94.3
Luziânia,Planaltina,96.25
Luziânia,Santo Antônio do Descoberto,47.78
Luziânia,Silvânia,83.52
Luziânia,Valparaíso de Goiás,21.07
Luziânia,Vianópolis,81.11
Mairipotaba,Morrinhos,63.3
Mairipotaba,Nazário,89.94
Mairipotaba,Palmeiras de Goiás,71.67
Mairipotaba,Palminópolis,91.16
Mairipotaba,Panamá,98.98
Mairipotaba,Piracanjuba,50.2
Mairipotaba,Pontalina,25.39
Mairipotaba,Porteirão,91.82
Mairipotaba,Professor Jamil,26.63
Mairipotaba,Rio Quente,92.69
Mairipotaba,Santa Bárbara de Goiás,83.65
Mairipotaba,Santo Antônio de Goiás,92.74
Mairipotaba,São Miguel do Passa Quatro,91.88
Mairipotaba,Senador Canedo,78.01
Mairipotaba,Trindade,71.81
Mairipotaba,Varjão,31.64
Mairipotaba,Vicentinópolis,58.75
Mambaí,Posse,51.88
Mambaí,Simolândia,39.69
Mambaí,Sítio d'Abadia,38.08
Mara Rosa,Montividiu do Norte,91.21
Mara Rosa,Mutunópolis,33.32
Mara Rosa,Niquelândia,92.22
Mara Rosa,Nova Iguaçu de Goiás,37.75
Mara Rosa,Novo Planalto,92.93
Mara Rosa,Pilar de Goiás,93.51
Mara Rosa,Porangatu,64.08
Mara Rosa,Santa Tereza de Goiás,37.83
Mara Rosa,Santa Terezinha de Goiás,73.75
Mara Rosa,São Luiz do Norte,95.46
Mara Rosa,Trombas,73.45
Mara Rosa,Uirapuru,85.44
Mara Rosa,Uruaçu,56.75
Marzagão,Morrinhos,56.45
Marzagão,Nova Aurora,41.73
Marzagão,Ouvidor,89.43
Marzagão,Palmelo,76.56
Marzagão,Panamá,78.48
Marzagão,Piracanjuba,85.54
Marzagão,Pires do Rio,85.02
Marzagão,Pontalina,99.66
Marzagão,Rio Quente,27.06
Marzagão,Santa Cruz de Goiás,76.15
Marzagão,Urutaí,74.08
Matrinchã,Montes Claros de Goiás,94.42
Matrinchã,Morro Agudo de Goiás,75.12
Matrinchã,Mossâmedes,95.52
Matrinchã,Mozarlândia,78.81
Matrinchã,Novo Brasil,66.5
Matrinchã,Sanclerlândia,96.66
Matrinchã,Santa Fé de Goiás,53.25
Matrinchã,São Patrício,99.88
Maurilândia,Porteirão,25.38
Maurilândia,Quirinópolis,54.25
Maurilândia,Rio Verde,64.58
Maurilândia,Santa Helena de Goiás,32.69
Maurilândia,Santo Antônio da Barra,55.62
Maurilândia,Turvelândia,14.07
Maurilândia,Vicentinópolis,62.5
Mimoso de Goiás,Niquelândia,72.58
Mimoso de Goiás,Padre Bernardo,17.86
Mimoso de Goiás,Planaltina,74.11
Mimoso de Goiás,Santo Antônio do Descoberto,99.47
Mimoso de Goiás,São João d'Aliança,78.69
Mimoso de Goiás,Vila Propício,89.36
Minaçu,Montividiu do Norte,54.17
Minaçu,Santa Tereza de Goiás,88.17
Minaçu,Trombas,56.39
Mineiros,Perolândia,52.0
Mineiros,Portelândia,26.92
Mineiros,Santa Rita do Araguaia,73.63
Moiporá,Montes Claros de Goiás,92.3
Moiporá,Mossâmedes,72.92
Moiporá,Nazário,91.47
Moiporá,Novo Brasil,57.02
Moiporá,Palestina de Goiás,87.13
Moiporá,Palmeiras de Goiás,91.54
Moiporá,Palminópolis,67.1
Moiporá,Paraúna,54.45
Moiporá,Sanclerlândia,59.62
Moiporá,Santa Fé de Goiás,94.77
Moiporá,São João da Paraúna,46.15
Moiporá,São Luís de Montes Belos,39.14
Moiporá,Turvânia,64.63
Monte Alegre de Goiás,Nova Roma,53.81
Monte Alegre de Goiás,São Domingos,43.84
Monte Alegre de Goiás,Teresina de Goiás,70.95
Montes Claros de Goiás,Novo Brasil,73.44
Montes Claros de Goiás,Palestina de Goiás,82.76
Montes Claros de Goiás,Piranhas,65.15
Montes Claros de Goiás,Santa Fé de Goiás,41.22
Montividiu,Palestina de Goiás,87.11
Montividiu,Paraúna,94.78
Montividiu,Perolândia,95.06
Montividiu,Rio Verde,47.15
Montividiu,Santa Helena de Goiás,73.38
Montividiu,Santo Antônio da Barra,58.49
Montividiu do Norte,Mutunópolis,76.55
Montividiu do Norte,Novo Planalto,89.59
Montividiu do Norte,Porangatu,51.3
Montividiu do Norte,Santa Tereza de Goiás,54.0
Montividiu do Norte,Trombas,18.74
Morrinhos,Nova Aurora,97.05
Morrinhos,Palmelo,85.15
Morrinhos,Panamá,56.05
Morrinhos,Piracanjuba,48.89
Morrinhos,Pontalina,43.26
Morrinhos,Professor Jamil,55.74
Morrinhos,Rio Quente,35.59
Morrinhos,Santa Cruz de Goiás,80.94
Morrinhos,São Miguel do Passa Quatro,88.63
Morrinhos,Varjão,94.5
Morrinhos,Vicentinópolis,74.01
Morro Agudo de Goiás,Mossâmedes,91.17
Morro Agudo de Goiás,Mozarlândia,84.42
Morro Agudo de Goiás,Nova América,37.3
Morro Agudo de Goiás,Nova Glória,55.15
Morro Agudo de Goiás,Pilar de Goiás,80.42
Morro Agudo de Goiás,Rialma,50.83
Morro Agudo de Goiás,Rianápolis,60.0
Morro Agudo de Goiás,Rubiataba,32.03
Morro Agudo de Goiás,Santa Isabel,67.55
Morro Agudo de Goiás,São Luiz do Norte,93.15
Morro Agudo de Goiás,São Patrício,25.69
Morro Agudo de Goiás,Taquaral de Goiás,94.82
Morro Agudo de Goiás,Uruana,44.4
Mossâmedes,Nazário,61.92
Mossâmedes,Nova Veneza,99.55
Mossâmedes,Novo Brasil,54.17
Mossâmedes,Palmeiras de Goiás,81.72
Mossâmedes,Palminópolis,74.5
Mossâmedes,Paraúna,94.8
Mossâmedes,Petrolina de Goiás,93.76
Mossâmedes,Sanclerlândia,13.31
Mossâmedes,Santa Bárbara de Goiás,74.38
Mossâmedes,Santa Rosa de Goiás,76.87
Mossâmedes,São João da Paraúna,79.36
Mossâmedes,São Luís de Montes Belos,47.3
Mossâmedes,São Patrício,95.92
Mossâmedes,Taquaral de Goiás,65.63
Mossâmedes,Trindade,96.73
Mossâmedes,Turvânia,54.93
Mossâmedes,Uruana,89.5
Mozarlândia,Nova América,78.81
Mozarlândia,Nova Crixás,76.81
Mozarlândia,Rubiataba,94.45
Mozarlândia,Santa Terezinha de Goiás,99.1
Mozarlândia,Uirapuru,86.92
Mundo Novo,Nova Crixás,36.27
Mundo Novo,Santa Terezinha de Goiás,95.87
Mundo Novo,São Miguel do Araguaia,57.02
Mundo Novo,Uirapuru,68.87
Mutunópolis,Nova Iguaçu de Goiás,63.06
Mutunópolis,Novo Planalto,59.75
Mutunópolis,Porangatu,35.05
Mutunópolis,Santa Tereza de Goiás,28.16
Mutunópolis,Santa Terezinha de Goiás,91.08
Mutunópolis,Trombas,62.66
Mutunópolis,Uirapuru,92.93
Mutunópolis,Uruaçu,89.42
Nazário,Nerópolis,72.94
Nazário,Nova Veneza,64.66
Nazário,Ouro Verde de Goiás,83.69
Nazário,Palmeiras de Goiás,25.27
Nazário,Palminópolis,38.28
Nazário,Paraúna,72.75
Nazário,Petrolina de Goiás,79.26
Nazário,Sanclerlândia,62.71
Nazário,Santa Bárbara de Goiás,19.88
Nazário,Santa Rosa de Goiás,68.93
Nazário,Santo Antônio de Goiás,61.98
Nazário,São Francisco de Goiás,98.52
Nazário,São João da Paraúna,61.81
Nazário,São Luís de Montes Belos,52.74
Nazário,Senador Canedo,85.38
Nazário,Taquaral de Goiás,65.84
Nazário,Terezópolis de Goiás,87.98
Nazário,Trindade,42.19
Nazário,Turvânia,27.42
Nazário,Varjão,58.3
Nerópolis,Nova Veneza,10.77
Nerópolis,Ouro Verde de Goiás,20.97
Nerópolis,Palmeiras de Goiás,86.95
Nerópolis,Petrolina de Goiás,36.32
Nerópolis,Pirenópolis,67.76
Nerópolis,Professor Jamil,93.99
Nerópolis,Santa Bárbara de Goiás,53.7
Nerópolis,Santa Rosa de Goiás,46.03
Nerópolis,Santo Antônio de Goiás,12.6
Nerópolis,São Francisco de Goiás,53.43
Nerópolis,São Miguel do Passa Quatro,94.05
Nerópolis,Senador Canedo,36.55
Nerópolis,Silvânia,71.38
Nerópolis,Taquaral de Goiás,56.51
Nerópolis,Terezópolis de Goiás,15.3
Nerópolis,Trindade,39.78
Nerópolis,Varjão,83.64
Nerópolis,Vianópolis,84.07
Niquelândia,Padre Bernardo,79.5
Niquelândia,Uruaçu,73.45
Nova América,Nova Glória,37.2
Nova América,Nova Iguaçu de Goiás,98.21
Nova América,Pilar de Goiás,44.66
Nova América,Rialma,46.93
Nova América,Rianápolis,62.69
Nova América,Rubiataba,18.45
Nova América,Santa Isabel,58.94
Nova América,Santa Rita do Novo Destino,84.18
Nova América,Santa Terezinha de Goiás,68.38
Nova América,São Luiz do Norte,63.43
Nova América,São Patrício,37.56
Nova América,Uirapuru,82.01
Nova América,Uruaçu,98.25
Nova América,Uruana,57.77
Nova Aurora,Ouvidor,48.12
Nova Aurora,Palmelo,83.59
Nova Aurora,Pires do Rio,84.29
Nova Aurora,Rio Quente,63.28
Nova Aurora,Santa Cruz de Goiás,86.14
Nova Aurora,Três Ranchos,60.27
Nova Aurora,Urutaí,66.36
Nova Crixás,Santa Terezinha de Goiás,76.69
Nova Crixás,São Miguel do Araguaia,93.22
Nova Crixás,Uirapuru,48.87
Nova Glória,Nova Iguaçu de Goiás,97.51
Nova Glória,Pilar de Goiás,42.72
Nova Glória,Rialma,18.87
Nova Glória,Rianápolis,34.09
Nova Glória,Rubiataba,24.87
Nova Glória,Santa Isabel,23.08
Nova Glória,Santa Rita do Novo Destino,48.68
Nova Glória,Santa Terezinha de Goiás,80.54
Nova Glória,São Francisco de Goiás,93.06
Nova Glória,São Luiz do Norte,41.14
Nova Glória,São Patrício,34.73
Nova Glória,Uruaçu,83.36
Nova Glória,Uruana,41.2
Nova Glória,Vila Propício,81.78
Nova Iguaçu de Goiás,Pilar de Goiás,56.58
Nova Iguaçu de Goiás,Porangatu,97.67
Nova Iguaçu de Goiás,Santa Rita do Novo Destino,98.6
Nova Iguaçu de Goiás,Santa Tereza de Goiás,75.35
Nova Iguaçu de Goiás,Santa Terezinha de Goiás,38.28
Nova Iguaçu de Goiás,São Luiz do Norte,64.14
Nova Iguaçu de Goiás,Uirapuru,57.42
Nova Iguaçu de Goiás,Uruaçu,37.49
Nova Roma,Posse,66.61
Nova Roma,São Domingos,19.36
Nova Roma,Simolândia,90.92
Nova Roma,Teresina de Goiás,42.64
Nova Veneza,Ouro Verde de Goiás,21.32
Nova Veneza,Palmeiras de Goiás,80.78
Nova Veneza,Petrolina de Goiás,30.39
Nova Veneza,Pirenópolis,69.24
Nova Veneza,Professor Jamil,98.18
Nova Veneza,Santa Bárbara de Goiás,46.19
Nova Veneza,Santa Rosa de Goiás,37.03
Nova Veneza,Santo Antônio de Goiás,12.48
Nova Veneza,São Francisco de Goiás,49.72
Nova Veneza,Senador Canedo,44.69
Nova Veneza,Silvânia,82.15
Nova Veneza,Taquaral de Goiás,46.75
Nova Veneza,Terezópolis de Goiás,25.45
Nova Veneza,Trindade,36.56
Nova Veneza,Turvânia,91.52
Nova Veneza,Varjão,82.45
Nova Veneza,Vianópolis,94.81
Novo Brasil,Sanclerlândia,46.43
Novo Brasil,Santa Fé de Goiás,51.27
Novo Brasil,São João da Paraúna,92.66
Novo Brasil,São Luís de Montes Belos,65.37
Novo Brasil,Turvânia,89.07
Novo Gama,Planaltina,81.88
Novo Gama,Santo Antônio do Descoberto,26.56
Novo Gama,Silvânia,90.1
Novo Gama,Valparaíso de Goiás,7.08
Novo Gama,Vianópolis,91.09
Novo Planalto,Porangatu,44.27
Novo Planalto,Santa Tereza de Goiás,74.65
Novo Planalto,São Miguel do Araguaia,71.23
Novo Planalto,Trombas,87.79
Orizona,Palmelo,35.31
Orizona,Piracanjuba,82.18
Orizona,Pires do Rio,29.93
Orizona,Rio Quente,96.61
Orizona,Santa Cruz de Goiás,36.99
Orizona,São Miguel do Passa Quatro,38.96
Orizona,Senador Canedo,91.99
Orizona,Silvânia,53.16
Orizona,Urutaí,49.05
Orizona,Vianópolis,40.08
Ouro Verde de Goiás,Petrolina de Goiás,20.31
Ouro Verde de Goiás,Pirenópolis,48.0
Ouro Verde de Goiás,Rianápolis,92.36
Ouro Verde de Goiás,Santa Bárbara de Goiás,66.35
Ouro Verde de Goiás,Santa Rosa de Goiás,35.45
Ouro Verde de Goiás,Santo Antônio de Goiás,31.77
Ouro Verde de Goiás,São Francisco de Goiás,33.29
Ouro Verde de Goiás,Senador Canedo,55.61
Ouro Verde de Goiás,Silvânia,79.49
Ouro Verde de Goiás,Taquaral de Goiás,47.5
Ouro Verde de Goiás,Terezópolis de Goiás,23.11
Ouro Verde de Goiás,Trindade,57.78
Ouro Verde de Goiás,Uruana,95.69
Ouro Verde de Goiás,Vianópolis,92.76
Ouro Verde de Goiás,Vila Propício,91.28
Ouvidor,Três Ranchos,15.37
Ouvidor,Urutaí,93.23
Padre Bernardo,Planaltina,79.26
Padre Bernardo,Santa Rita do Novo Destino,89.88
Padre Bernardo,Santo Antônio do Descoberto,86.85
Padre Bernardo,São João d'Aliança,96.14
Padre Bernardo,Vila Propício,72.03
Palestina de Goiás,Piranhas,46.76
Palmeiras de Goiás,Palminópolis,25.71
Palmeiras de Goiás,Paraúna,57.99
Palmeiras de Goiás,Pontalina,94.47
Palmeiras de Goiás,Professor Jamil,87.63
Palmeiras de Goiás,Sanclerlândia,79.22
Palmeiras de Goiás,Santa Bárbara de Goiás,35.55
Palmeiras de Goiás,Santa Rosa de Goiás,92.23
Palmeiras de Goiás,Santo Antônio de Goiás,74.66
Palmeiras de Goiás,São João da Paraúna,51.65
Palmeiras de Goiás,São Luís de Montes Belos,57.24
Palmeiras de Goiás,Senador Canedo,89.29
Palmeiras de Goiás,Taquaral de Goiás,90.35
Palmeiras de Goiás,Trindade,48.97
Palmeiras de Goiás,Turvânia,31.14
Palmeiras de Goiás,Varjão,41.21
Palmelo,Piracanjuba,62.79
Palmelo,Pires do Rio,16.06
Palmelo,Professor Jamil,87.26
Palmelo,Rio Quente,61.91
Palmelo,Santa Cruz de Goiás,5.94
Palmelo,São Miguel do Passa Quatro,38.91
Palmelo,Senador Canedo,98.58
Palmelo,Silvânia,76.53
Palmelo,Urutaí,28.41
Palmelo,Vianópolis,65.78
Palminópolis,Paraúna,34.66
Palminópolis,Sanclerlândia,68.04
Palminópolis,Santa Bárbara de Goiás,55.75
Palminópolis,Santo Antônio da Barra,98.7
Palminópolis,Santo Antônio de Goiás,97.49
Palminópolis,São João da Paraúna,26.07
Palminópolis,São Luís de Montes Belos,37.39
Palminópolis,Trindade,73.31
Palminópolis,Turvânia,20.23
Palminópolis,Varjão,63.48
Panamá,Pontalina,73.6
Panamá,Porteirão,94.77
Panamá,Rio Quente,76.27
Panamá,Vicentinópolis,68.73
Paranaiguara,Quirinópolis,56.0
Paranaiguara,São Simão,14.47
Paraúna,Sanclerlândia,84.57
Paraúna,Santa Bárbara de Goiás,90.36
Paraúna,Santa Helena de Goiás,97.5
Paraúna,Santo Antônio da Barra,70.88
Paraúna,São João da Paraúna,15.44
Paraúna,São Luís de Montes Belos,47.96
Paraúna,Turvânia,49.77
Paraúna,Varjão,87.62
Perolândia,Portelândia,67.93
Perolândia,Serranópolis,87.56
Petrolina de Goiás,Pirenópolis,48.8
Petrolina de Goiás,Rialma,90.86
Petrolina de Goiás,Rianápolis,74.79
Petrolina de Goiás,Santa Bárbara de Goiás,65.21
Petrolina de Goiás,Santa Isabel,89.58
Petrolina de Goiás,Santa Rosa de Goiás,17.04
Petrolina de Goiás,Santo Antônio de Goiás,42.87
Petrolina de Goiás,São Francisco de Goiás,20.69
Petrolina de Goiás,São Patrício,97.74
Petrolina de Goiás,Senador Canedo,72.86
Petrolina de Goiás,Silvânia,99.78
Petrolina de Goiás,Taquaral de Goiás,29.01
Petrolina de Goiás,Terezópolis de Goiás,42.97
Petrolina de Goiás,Trindade,63.92
Petrolina de Goiás,Uruana,76.25
Petrolina de Goiás,Vila Propício,86.43
Pilar de Goiás,Rialma,61.57
Pilar de Goiás,Rianápolis,76.49
Pilar de Goiás,Rubiataba,50.78
Pilar de Goiás,Santa Isabel,61.7
Pilar de Goiás,Santa Rita do Novo Destino,64.45
Pilar de Goiás,Santa Terezinha de Goiás,39.11
Pilar de Goiás,São Luiz do Norte,29.07
Pilar de Goiás,São Patrício,70.39
Pilar de Goiás,Uirapuru,64.57
Pilar de Goiás,Uruaçu,54.07
Pilar de Goiás,Uruana,82.93
Piracanjuba,Pires do Rio,78.58
Piracanjuba,Pontalina,51.97
Piracanjuba,Professor Jamil,24.79
Piracanjuba,Rio Quente,58.54
Piracanjuba,Santa Cruz de Goiás,56.93
Piracanjuba,Santo Antônio de Goiás,96.4
Piracanjuba,São Miguel do Passa Quatro,46.45
Piracanjuba,Senador Canedo,66.48
Piracanjuba,Silvânia,83.58
Piracanjuba,Trindade,88.25
Piracanjuba,Urutaí,88.42
Piracanjuba,Varjão,71.14
Piracanjuba,Vianópolis,82.08
Piracanjuba,Vicentinópolis,96.25
Pirenópolis,Rialma,89.48
Pirenópolis,Rianápolis,74.4
Pirenópolis,Santa Isabel,79.46
Pirenópolis,Santa Rita do Novo Destino,81.44
Pirenópolis,Santa Rosa de Goiás,62.99
Pirenópolis,Santo Antônio de Goiás,79.54
Pirenópolis,Santo Antônio do Descoberto,75.6
Pirenópolis,São Francisco de Goiás,33.36
Pirenópolis,Senador Canedo,96.42
Pirenópolis,Silvânia,97.44
Pirenópolis,Taquaral de Goiás,72.56
Pirenópolis,Terezópolis de Goiás,61.84
Pirenópolis,Uruana,87.16
Pirenópolis,Vila Propício,44.84
Pires do Rio,Rio Quente,74.28
Pires do Rio,Santa Cruz de Goiás,21.72
Pires do Rio,São Miguel do Passa Quatro,49.08
Pires do Rio,Silvânia,79.61
Pires do Rio,Urutaí,19.83
Pires do Rio,Vianópolis,67.4
Planaltina,Santo Antônio do Descoberto,88.23
Planaltina,São João d'Aliança,83.6
Planaltina,Valparaíso de Goiás,78.67
Planaltina,Vila Boa,75.38
Pontalina,Porteirão,82.55
Pontalina,Professor Jamil,37.32
Pontalina,Rio Quente,76.93
Pontalina,São Miguel do Passa Quatro,98.21
Pontalina,Senador Canedo,98.17
Pontalina,Trindade,96.94
Pontalina,Turvelândia,97.49
Pontalina,Varjão,56.29
Pontalina,Vicentinópolis,44.33
Porangatu,Santa Tereza de Goiás,33.89
Porangatu,Trombas,44.84
Porteirão,Quirinópolis,76.73
Porteirão,Rio Verde,79.85
Porteirão,Santa Helena de Goiás,45.78
Porteirão,Santo Antônio da Barra,57.27
Porteirão,Turvelândia,15.05
Porteirão,Vicentinópolis,39.26
Portelândia,Santa Rita do Araguaia,55.42
Posse,São Domingos,65.4
Posse,Simolândia,43.85
Posse,Sítio d'Abadia,80.36
Professor Jamil,Rio Quente,76.8
Professor Jamil,Santa Bárbara de Goiás,89.41
Professor Jamil,Santa Cruz de Goiás,81.35
Professor Jamil,Santo Antônio de Goiás,85.7
Professor Jamil,São Miguel do Passa Quatro,65.4
Professor Jamil,Senador Canedo,62.34
Professor Jamil,Silvânia,94.19
Professor Jamil,Terezópolis de Goiás,96.69
Professor Jamil,Trindade,71.56
Professor Jamil,Varjão,46.9
Professor Jamil,Vianópolis,95.92
Professor Jamil,Vicentinópolis,80.09
Quirinópolis,Rio Verde,87.82
Quirinópolis,Santa Helena de Goiás,72.28
Quirinópolis,São Simão,61.79
Quirinópolis,Turvelândia,68.31
Rialma,Rianápolis,16.4
Rialma,Rubiataba,29.38
Rialma,Santa Isabel,16.81
Rialma,Santa Rita do Novo Destino,53.34
Rialma,Santa Rosa de Goiás,86.06
Rialma,Santa Terezinha de Goiás,99.02
Rialma,São Francisco de Goiás,76.15
Rialma,São Luiz do Norte,57.29
Rialma,São Patrício,25.68
Rialma,Taquaral de Goiás,82.05
Rialma,Uruaçu,99.92
Rialma,Uruana,23.41
Rialma,Vila Propício,76.59
Rianápolis,Rubiataba,44.57
Rianápolis,Santa Isabel,19.01
Rianápolis,Santa Rita do Novo Destino,54.33
Rianápolis,Santa Rosa de Goiás,71.01
Rianápolis,São Francisco de Goiás,59.75
Rianápolis,São Luiz do Norte,67.93
Rianápolis,São Patrício,34.54
Rianápolis,Taquaral de Goiás,68.16
Rianápolis,Uruana,19.65
Rianápolis,Vila Propício,67.47
Rio Quente,Santa Cruz de Goiás,59.62
Rio Quente,São Miguel do Passa Quatro,80.45
Rio Quente,Urutaí,69.58
Rio Verde,Santa Helena de Goiás,34.1
Rio Verde,Santo Antônio da Barra,39.82
Rio Verde,Turvelândia,65.61
Rubiataba,Santa Isabel,43.3
Rubiataba,Santa Rita do Novo Destino,73.53
Rubiataba,Santa Terezinha de Goiás,81.72
Rubiataba,São Luiz do Norte,61.13
Rubiataba,São Patrício,20.99
Rubiataba,Uirapuru,98.44
Rubiataba,Uruana,39.64
Sanclerlândia,Santa Bárbara de Goiás,77.88
Sanclerlândia,Santa Fé de Goiás,97.2
Sanclerlândia,Santa Rosa de Goiás,88.18
Sanclerlândia,São João da Paraúna,69.23
Sanclerlândia,São Luís de Montes Belos,36.61
Sanclerlândia,Taquaral de Goiás,77.38
Sanclerlândia,Turvânia,49.85
Santa Bárbara de Goiás,Santa Rosa de Goiás,58.25
Santa Bárbara de Goiás,Santo Antônio de Goiás,42.32
Santa Bárbara de Goiás,São Francisco de Goiás,85.51
Santa Bárbara de Goiás,São João da Paraúna,80.62
Santa Bárbara de Goiás,São Luís de Montes Belos,72.4
Santa Bárbara de Goiás,Senador Canedo,66.13
Santa Bárbara de Goiás,Taquaral de Goiás,58.56
Santa Bárbara de Goiás,Terezópolis de Goiás,68.53
Santa Bárbara de Goiás,Trindade,23.37
Santa Bárbara de Goiás,Turvânia,47.27
Santa Bárbara de Goiás,Varjão,53.34
Santa Cruz de Goiás,São Miguel do Passa Quatro,34.48
Santa Cruz de Goiás,Senador Canedo,93.65
Santa Cruz de Goiás,Silvânia,74.14
Santa Cruz de Goiás,Urutaí,34.0
Santa Cruz de Goiás,Vianópolis,64.05
Santa Helena de Goiás,Santo Antônio da Barra,28.4
Santa Helena de Goiás,Turvelândia,31.55
Santa Helena de Goiás,Vicentinópolis,84.43
Santa Isabel,Santa Rita do Novo Destino,37.34
Santa Isabel,Santa Rosa de Goiás,87.96
Santa Isabel,São Francisco de Goiás,72.24
Santa Isabel,São Luiz do Norte,49.49
Santa Isabel,São Patrício,42.48
Santa Isabel,Taquaral de Goiás,86.23
Santa Isabel,Uruaçu,91.19
Santa Isabel,Uruana,35.92
Santa Isabel,Vila Propício,60.93
Santa Rita do Novo Destino,São Francisco de Goiás,89.17
Santa Rita do Novo Destino,São Luiz do Norte,37.82
Santa Rita do Novo Destino,São Patrício,78.57
Santa Rita do Novo Destino,Uruaçu,68.01
Santa Rita do Novo Destino,Uruana,72.95
Santa Rita do Novo Destino,Vila Propício,43.74
Santa Rosa de Goiás,Santo Antônio de Goiás,48.44
Santa Rosa de Goiás,São Francisco de Goiás,30.66
Santa Rosa de Goiás,São Patrício,88.63
Santa Rosa de Goiás,Senador Canedo,81.71
Santa Rosa de Goiás,Taquaral de Goiás,12.13
Santa Rosa de Goiás,Terezópolis de Goiás,56.22
Santa Rosa de Goiás,Trindade,63.13
Santa Rosa de Goiás,Turvânia,90.22
Santa Rosa de Goiás,Uruana,68.15
Santa Rosa de Goiás,Vila Propício,95.98
Santa Tereza de Goiás,Trombas,37.32
Santa Tereza de Goiás,Uruaçu,91.07
Santa Terezinha de Goiás,São Luiz do Norte,62.8
Santa Terezinha de Goiás,Uirapuru,28.13
Santa Terezinha de Goiás,Uruaçu,62.15
Santo Antônio da Barra,São João da Paraúna,86.32
Santo Antônio da Barra,Turvelândia,47.85
Santo Antônio da Barra,Vicentinópolis,90.02
Santo Antônio de Goiás,São Francisco de Goiás,62.04
Santo Antônio de Goiás,São Miguel do Passa Quatro,94.16
Santo Antônio de Goiás,Senador Canedo,34.31
Santo Antônio de Goiás,Silvânia,77.33
Santo Antônio de Goiás,Taquaral de Goiás,57.15
Santo Antônio de Goiás,Terezópolis de Goiás,26.36
Santo Antônio de Goiás,Trindade,27.18
Santo Antônio de Goiás,Turvânia,89.38
Santo Antônio de Goiás,Varjão,71.61
Santo Antônio de Goiás,Vianópolis,89.34
Santo Antônio do Descoberto,Silvânia,88.25
Santo Antônio do Descoberto,Valparaíso de Goiás,33.15
Santo Antônio do Descoberto,Vianópolis,93.05
Santo Antônio do Descoberto,Vila Propício,86.0
São Domingos,Simolândia,97.79
São Domingos,Teresina de Goiás,59.35
São Francisco de Goiás,São Patrício,87.52
São Francisco de Goiás,Senador Canedo,88.89
São Francisco de Goiás,Taquaral de Goiás,39.31
São Francisco de Goiás,Terezópolis de Goiás,55.6
São Francisco de Goiás,Trindade,84.46
São Francisco de Goiás,Uruana,65.74
São Francisco de Goiás,Vila Propício,66.26
São João d'Aliança,Vila Boa,62.76
São João da Paraúna,São Luís de Montes Belos,32.65
São João da Paraúna,Trindade,99.22
São João da Paraúna,Turvânia,36.55
São João da Paraúna,Varjão,86.77
São Luís de Montes Belos,Taquaral de Goiás,97.22
São Luís de Montes Belos,Trindade,94.89
São Luís de Montes Belos,Turvânia,27.1
São Luís de Montes Belos,Varjão,98.24
São Luiz do Norte,São Patrício,75.63
São Luiz do Norte,Uirapuru,90.41
São Luiz do Norte,Uruaçu,42.63
São Luiz do Norte,Uruana,80.71
São Luiz do Norte,Vila Propício,81.56
São Miguel do Passa Quatro,Senador Canedo,60.0
São Miguel do Passa Quatro,Silvânia,44.65
São Miguel do Passa Quatro,Terezópolis de Goiás,86.17
São Miguel do Passa Quatro,Trindade,99.29
São Miguel do Passa Quatro,Urutaí,66.62
São Miguel do Passa Quatro,Vianópolis,38.6
São Patrício,Taquaral de Goiás,81.36
São Patrício,Uruana,21.81
Senador Canedo,Silvânia,51.74
Senador Canedo,Taquaral de Goiás,91.19
Senador Canedo,Terezópolis de Goiás,34.93
Senador Canedo,Trindade,43.21
Senador Canedo,Varjão,68.68
Senador Canedo,Vianópolis,61.39
Silvânia,Terezópolis de Goiás,58.28
Silvânia,Trindade,94.22
Silvânia,Urutaí,99.42
Silvânia,Valparaíso de Goiás,94.5
Silvânia,Vianópolis,13.3
Simolândia,Sítio d'Abadia,44.95
Simolândia,Vila Boa,88.31
Sítio d'Abadia,Vila Boa,90.13
Taquaral de Goiás,Terezópolis de Goiás,67.69
Taquaral de Goiás,Trindade,67.72
Taquaral de Goiás,Turvânia,84.37
Taquaral de Goiás,Uruana,62.09
Terezópolis de Goiás,Trindade,52.5
Terezópolis de Goiás,Varjão,93.35
Terezópolis de Goiás,Vianópolis,71.35
Trindade,Turvânia,68.77
Trindade,Varjão,46.37
Turvânia,Varjão,72.33
Turvelândia,Vicentinópolis,54.3
Uirapuru,Uruaçu,88.2
Uruana,Vila Propício,86.33
Urutaí,Vianópolis,87.23
Valparaíso de Goiás,Vianópolis,94.66
Varjão,Vicentinópolis,78.37
